Track name,Artist name
Hotline Bling (Autolaser & PLS&TY Remix),Charlie Puth & Kehlani
Echo,Crusher-P ft. Gumi English
Again,Crusher-P ft. Gumi English
Mr. Kipper (Idris Elba) - Walk Of Shame,Cyberpunk 2077
Private Press - Liquid Disco,Cyberpunk 2077
Toby Fox - Susie,DELTARUNE
I Remember,DJ Khaled ft. Yo Gotti
Lights (Bassnectar Remix),Ellie Goulding
₊˚⊹♡lights_ps2_edit_160bpm_G♯m♡⊹˚₊,ellie_goulding
oh my love (gumstep mix),fka twigs
That's Combustible,Fraxiom & Ricco Harver
(FOREVER!!!!!!!!!) (WOW OK Remix),glass beach
Maü Shit (mau shit),GLOO
DROP IT LIKE IT'S HOT!,HAARPER Prod. Luga
Spicy,Herve Pages & Diplo ft. Chari XCX
One Last Kiss,Hikaru Utada ft. A.G. Cook
Garbage Pail Kids,JPEGMAFIA x Danny Brown
Afterimage (Jersey Remix),Justice ft. RIMON
Applause (Sim Gretina Remix),Lady Gaga
By_Myslf (Josh Abraham and Mike Shinoda Reanimation) (by myself remix),Linkin Park
H! Vltg3 (Evidence Reanimation) (+10) (high voltage remix),Linkin Park ft. Pharoahe Monch and DJ Babu
Excruciating Deth (Phase γ),Machine Girl
Start Screen,Mario Kart 8 Deluxe
Dance (The Young Punx Mix),Medcab
10 Dollar,M.I.A.
STORY TO BE TOLD,M.I.A.
Popular,M.I.A.
𝙸 𝙰𝙼 𝙸𝙽 𝚃𝙷𝙴 𝙼𝙰𝚃𝚁𝙸𝚇 𝙰𝙽𝙳 𝙸 𝙹𝚄𝚂𝚃 𝚃𝙾𝙾𝙺 𝚃𝙷𝙴 𝙱𝙻𝚄𝙴 𝙿𝙸𝙻𝙻,"Milkfish, Drake & The Matrix 4"
Time For Some Action,N.E.R.D
Happy,N.E.R.D
You Know What,N.E.R.D
Off Wiv Ya Headz (Yeah Yeah Yeahs - Heads Will Roll (A-Trak Remix)),Nia Archives
Radio Friendly Unit Shelter,Nirvana
Fuk Da Police,NWA
Talk Like That (Dave Spoon Televised Mix),The Presets
Voodoo People (G#phr) (Mothership Loudspeakerz Remix),The Prodigy
Masami Yone - Big Rock Finish D,Rhythm Heaven
"Masami Yone, Shinji Ushiroda, Asuka Ito - Endless Remix",Rhythm Heaven Fever
承認欲求,Sakurazaka46
C.T.F.O. (chill the fuck out),SebastiAn ft. M.I.A.
DRAGONFIST DELTAX9,six impala
Stardust Speedway (Past) (JP),Sonic CD
L.O.V.E.,SOPHIE
Is It Cold In The Water? (Flume & Eprom Remix),SOPIE
Splatsville Tour,Splatoon 3
New Shores - Fuzzy Dazzler,Splatoon 3
Sunshine pt1,Steve Lacy ft. Fousheé
Uffie ft. Mattie Safer - Illusion Of Love (Fred Falke Remix),Sucker Punch
Nasty (Match My Peak Remix),"Tinashe, Wuki"
No Scrubs (Todd Edwards Album Dub),TLC
BLESSED,"Tyler, The Creator"
DOGTOOTH,"Tyler, The Creator"
"Headlock, originally by Imogen Heap",underscores
Toby Fox - Dating Tense!,UNDERTALE
Toby Fox - Spoktune,UNDERTALE
Untouched (Eddie Armador Remix),The Veronicas
Dirty Talk (no angel),Wynter Gordon
Your Music Is Killing Me (Olav Basoki Mix),The Young Punx
Your Music Is Killing Me (Don Diablo Mix),The Young Punx
Niamos! (Coruscant Lounge Mix),Andor
11PM,Animal Crossing: New Horizons
"Chu,Tayousei. (「ちゅ、多様性。」)",Ano
at the corner store,bill wurtz
Halley's Comet pt1,Billie Eilish
argyle (i just wanna be dead),brakence
M.O.B.,BROCKHAMPTON
B2B (DJ Woe Remix),Charli XCX
HARD.CORE.WORLD.WIDE. 20XX,cyy♡
Toby Fox - Query?,DELTARUNE Chapters 3+4
let's go home,dltzk
Shooting Stars (Bag Raiders cover for Like A Version),Flume ft. Toro y Moi
Epic Games - Winterfest Wish,Fortnite
"Yū Miyake, Masayuki Tanaka & Tomomi Suzuki - Katamari on the Rocks (Bmx) (nanana)",Katamari Damacy
Sex Fight,Kids & Explosions
Koji Kondo - Inside The Deku Tree,The Legend of Zelda: Ocarina of Time
Lightning Crashes,Live
C418 - Ward pt2,Minecraft
"Sooner or Later (it's over, leave it)",N.E.R.D
take me by the hand (onlytom edit),oklou
Girlfriend Sucks,Ravenna Golden ft. midwxst
Tsunku♂ - Remix 4,Rhythm Heaven
Masami Yone - Big Rock Finish B,Rhythm Heaven
"(Masami Yone, Shinji Ushiroda, Asuka Ito - Remix 1",Rhythm Heaven Fever
"Masami Yone, Shinji Ushiroda, Asuka Ito - Lady Cupid",Rhythm Heaven Fever
Crush 40 - Escape From the City (City Escape),Sonic Adventure 2
Hideki Naganuma - Jeh Jeh Rocket,Sonic Rush
Inkopolis Square Tutorial,Splatoon 2
Turquoise October - Buoyant Boogie,Splatoon 2
Casino Fanfair,Super Mario Sunshine
PERFECT (video version),"Tyler, The Creator ft. Kali Uchis and Austin Feinstein"
"Darling, I (keep falling in love)","Tyler, The Creator ft. Teezo Touchdown"
Title Screen,Wii Sports
Forever Young (alphaville cover),Youth Group
Perfection,Gessafelstein
Tsunku♂ - Coin Toss (SFX),Rhythm Heaven
Tsunku♂ & Masami Yone - Remix 10,Rhythm Heaven
Boot Screen,Splatoon
Plaza Speakers H,Splatoon
"Flip The Switch (melody is chromatic G#, bass has F# & D#, some D) (127) by duuzu :)",Valentino Khan ft. Chris Lorenzo
