artist	title	youtube	soundcloud
A. G. Cook ft. Sarah Bonito & Hannah Diamond	The Darkness (Megamix) pt2		
Annie	Happie With You		
Arca	????? A pt1		
Benjamin Theves	Texas (SebastiAn Remix)		
Big Face	My Eyeball		
BROCKHAMPTON	N.S.T.		
BTS	ON		
CRUSH / CRUSH3D	Funfair 04 (B)		
Cyberpunk 2077	Marcin Przybyłowicz - Wushu Dolls (inst) (chromatic)		
David Bowie	DJ		
Melleefresh vs deadmau5	Afterhours (deadmau5 Smoothy House Remix)		
Death Grips	You Might Think He Loves You for Your Money but I Know What He Really Loves You for It's Your Brand New Leopard Skin Pillbox Hat		
Digitalism	Zdarlight / I Want I Want (Live at the Bunker) pt1		
Drake ft. 21 Savage	Jimmy Cooks pt2		
Drake, 21 Savage	Rich Flex pt1 (can you do sum for me)		
Fortnite	Epic Games - Run It pt1		
Fortnite	Epic Games - 8-Bit Beat		
Fraxiom	playlist pt1		
Friday Night Funkin'	Kawai Sprite - Philly Nice		
George Riley & Hudson Mohawke	S e x		
Gorillaz ft. Peven Everett	Strobelight		
Havannah Brown ft. Pitbull	We Run The Night		
Henrik	Give It To Me (remix of timbaland)		
Hover	Cédric Menendez - Furtive Ascension		
IC3PEAK	Плак-Плак (Boo-Hoo)		
Jet Set Radio Future	Hideki Naganuma - Sneakman (Toronto Mix)		
Justin Timberlake ft. Missy Elliott Timbaland	SexyBack (DJ Wayne Williams Ol' Skool Remix)		
Justin Timberlake ft. Timbaland	SexyBack (Armand's Mix) (armand van helden remix)		
Justin Timberlake ft. Timbaland	SexyBack (Tom Novy Ibiza Dub)		
Justin Timberlake	What Goes Around...Comes Around (Quentin Harris Mix)		
Kendrick Lamar	m.A.A.d city pt2		
Kendrick Lamar	DUCKWORTH pt2		
Lady Gaga	Bad Romance (DJ Paulo's Gaga Oh La-La Remix)		
The Legend of Zelda: Ocarina of Time	Koji Kondo - Kotake and Koume		
leroy	go white girl go (go white enby go)		
The Lonely Island ft. Justin Timberlake	Motherlover		
Mario Kart 8 Deluxe	Mount Wario pt2		
Mario Kart 8 Deluxe	Mount Wario pt3		
M|A|R|R|S	Pump Up The Volume		
MC Hammer	U Can't Touch This		
M.I.A.	Bingo		
M.I.A.	Bamboo Banga (banger)		
M.I.A.	The Turn		
Michael Jackson (Remix By Afrojack)	Bad		
Minecraft	C418 - Chris		
Minecraft	C418 - Ward pt1		
MØ ft. Diplo	XXX 88		
Mr Oizo	Cheree		
MSTRKRFT	1,000 Cigarettes		
N.E.R.D	Tape You		
N.E.R.D	She Wants To Move (DFA Remix)		
N.E.R.D ft. Lenny Kravitz	Preservation		
N.E.R.D	The Way She Dances (sparks fly)		
N.E.R.D	Find My Way (chorus chords are Ebmaj Dmin Fmaj Emin) (searching for my way back)		
N.E.R.D	Intro		
N.E.R.D	Love Bomb		
N.E.R.D	Hypnotize U		
Nero x Skrillex	Promises (Slushii Remix)		
Nia Archives	F.A.M.I.L.Y.		
O-Zone	Dragostea Din Tei (SebastiAn Remix)		
Ollie King	Hideki Naganuma - Boarder 70		
Ollie King	Hideki Naganuma - Boarder 70 (Somethin' Jazzy for Your Mind Mix)		
Pharrell Williams ft. Pusha T	Stay With Me		
Pharrell Williams	Our Father		
Playboi Carti ft. Travis Scott, SEXISDEATH, & Indiana420Bitch	BACKR00MS (backrooms)		
Queen Latifah	U.N.I.T.Y. (unity)		
R.E.M.	Losing My Religion		
Rhythm Heaven	Tsunku♂ - Shoot-'em-up		
Rhythm Heaven	Tsunku♂ - Shoot-'em-up 2		
Rhythm Heaven	Tsunku♂ - Shoot-'em-up (Endless)		
Rhythm Heaven	Tsunku♂ - Remix 3		
Rhythm Heaven	Tsunku♂ - Dog Ninja (Tears of a Dog Ninja)		
Rhythm Heaven	Masami Yone - Remix 8 (Ingame)		
Rhythm Heaven Fever	Tsunku♂ - See Saw		
Rhythm Heaven Fever	Tsunku♂ - Samurai Slice		
Rhythm Heaven Fever	Tsunku♂ - Exhibition Match		
Rhythm Heaven Fever	Tsunku♂ - Samurai Slice 2		
Rhythm Heaven Fever	Tsunku♂ - Love Rap 2		
Rina Sawayama ft. Pabllo Vittar	Comme des Garçons (Like The Boys)		
ROSALÍA	BULERLÍAS		
Shygirl	SIREN (Basement Jaxx Joy Ride Mix)		
Shygirl ft. Jorja Smith & SadBoi	Wifey Riddim (Club Shy VIP)		
Snoop Dogg ft. Tom Petty & Jelly Roll	Last Dance with Mary Jane		
Sonic CD	Quartz Quadrant (Good Future) (JP)		
Sonic CD	Quartz Quadrant (Bad Future) (JP)		
Soulwax	Miserable Girl (any minute now version)		
Soulwax	Miserable Girl (nite versions version)		
Soulwax	NY Excuse (Justice Remi) (justice remix, yeah they spelt remix wrong in the streaming release)		
Splatoon	Squid Sisters - Inkopolis News (Splatfest) (city of color inst)		
Splatoon 2	Inkopolis Square Speakers J		
Splatoon 2	Inkopolis Square Speakers K		
Splatoon 2	Squid Sisters - Ink Me Up (Final Fest)		
Splatoon 3: Side Order	Order Sector - Leaving with Pearl (color pulse)		
Splatoon 3: Side Order	Free Association - jest1ng		
Splatoon 3: Side Order	Free Association - je2ting		
Splatoon 3: Side Order	Free Association - j3sting		
Squid	G.S.K.		
Stardust	Music Sounds Better With You (Valentino Roth Remix)		
Super Mario Bros. 2	Invincible		
Super Mario Sunshine	Mecha-Bowser Rises		
Tetris	A-Type		
Travis Scott ft. Kacy Hill	90210 pt2		
Travis Scott ft. Drake	MELTDOWN pt2 (is you fuckin crazy)		
Tyler, The Creator ft. Domo Genesis	MANIFESTO		
Young Jeezy ft. Akon	Soul Survivor		
The Young Punx ft. Laura Kidd	MASHitUP (Shir Khan Mix)		
The Young Punx ft. Laura Kidd	MASHitUP (Luki Remix)		
The Young Punx ft. Laura Kidd	MASHitUP (Fabian Gray Mix)		
The Young Punx ft. Laura Kidd	MASHitUP (The 808s Remix)		
The Young Punx ft. Laura Kidd	MASHitUP (Junior Black Remix)		
Billie Eilish	BITTERSUITE pt2		
Cee Lo Green	Fuck You / Forget You		
Charli XCX	Official		
chloe moriondo	Cdbaby♡ (underscores remix)		
Cyberpunk 2077	Private Press - Sparkling Frequency		
dltzk	goldfish		
Emo G Records (Elon Musk)	Don't Doubt ur Vibe		
Fergie	Clumsy (Pajon Rock Remix)		
Fergie ft. Patti Austin, Shiela E, Siedah Garrett, Lalah Hathaway, Judith Hill & Keke Palmer	L.O.V.E. (Let One Voice Emerge)		
Friday Night Funkin'	Kawai Sprite - Satin Panties		
Friday Night Funkin'	Kawai Sprite - Senpai		
Friday Night Funkin'	Kawai Sprite - Give A Lil Bit Back		
Halsey	Lucky (102.529		
Hayden Johnson	I Feel Love		
Hi-5	intro theme		
Katamari Damacy	Akitaka Toyama, Kenji Ninuma & Fumina - The Moon and the Prince		
Katamari Damacy	Akitaka Toyama - Stardust Fanfare		
LamazeP ft. Hatsune Miku	ぽっぴっぽー (PoPiPo)		
Legend of Zelda: Ocarina of Time	Koji Kondo - Kokiri Forest		
Legend of Zelda: Ocarina of Time	Koji Kondo - Shooting Gallery		
Legend of Zelda: Ocarina of Time	Koji Kondo - Hyrule Castle Courtyard		
Legend of Zelda: Ocarina of Time	Koji Kondo - Mini Game		
Legend of Zelda: Ocarina of Time	Koji Kondo - Goron City		
Legend of Zelda: Ocarina of Time	Koji Kondo - Lost Woods		
Legend of Zelda: Ocarina of Time	Koji Kondo - Ganon's Tower		
Lego Racers	Track 27 (main menu)		
Lil Yachty	sAy sOMETHINg pt1		
Machine Girl	MG1		
Mario Kart Wii	Gumble Volcano		
Mario Kart Wii	Asuka Ota & Ryo Nagamatsu - No Trophy For You!		
Mario Kart 8 Deluxe	Mount Wario pt1		
M.I.A.	IT IZ WHAT IT IZ (it is what it is)		
Miike Snow ft. Charli XCX	For U (be there for you)		
Minecraft	C418 - Chirp pt1		
MysteryGuitarMan	Literal Instruments		
New Super Mario Bros.	Koji Kondo - World 1 (Plains)		
New Super Mario Bros.	Underground Theme		
New Super Mario Bros.	Versus Select Screen		
New Super Mario Bros. Wii	Overworld Theme / Ground		
Nintendo 3DS	eShop		
Paul Anka	Splish Splash		
Pokémon Red and Blue	Cycling		
Rhythm Heaven	Masami Yone - Let's Practice!		
Rhythm Heaven	Masami Yone - Let's Practice! (Glee Club)		
Rhythm Heaven	Masami Yone - Let's Practice! (Slow) (aka alternate version or something idk its not slow)		
Rhythm Heaven	Masami Yone - Let's Practice! (Freeze Frame)		
Rhythm Heaven	Masami Yone - Let's Practice! (Karate Man)		
Rhythm Heaven	Tsunku♂ - Built to Scale		
Rhythm Heaven	Masami Yone - Remix 1		
Rhythm Heaven	Tsunku♂ - Moai Doo-Wop		
Rhythm Heaven	Tsunku♂ - Remix 2		
Rhythm Heaven	Tsunku♂ - Love Lizards		
Rhythm Heaven	Tsunku♂ - Crop Stomp		
Rhythm Heaven	Tsunku♂ - Freeze Frame		
Rhythm Heaven	Tsunku♂ - DJ School		
Rhythm Heaven	Tsunku♂ - Splashdown		
Rhythm Heaven	Tsunku♂ - Splashdown 2		
Rhythm Heaven	Masami Yone - Big Rock Finish H		
Rhythm Heaven	Tsunku♂ - Remix 5		
Rhythm Heaven	Masami Yone - Remix 6		
Rhythm Heaven	Masami Yone - Remix 9		
Rhythm Heaven	Tsunku♂ - Medal Corner		
Rhythm Heaven	Masami Yone - Menu (Endless Games)		
Rhythm Heaven	Masami Yone - Café		
Rhythm Heaven Fever	Tsunku♂ - Tambourine		
Rhythm Heaven Fever	Tsunku♂ - Bossa Nova		
Rhythm Heaven Fever	Tsunku♂ - Tap Troupe		
Rhythm Heaven Fever	Tsunku♂ - Figure Fighter 2		
Rhythm Heaven Fever	Masami Yone, Shinji Ushiroda, Asuka Ito - Menu (Endless Games)		
Rhythm Heaven Fever	Tsunku♂ - Menu (Extra Games)		
Rhythm Heaven Fever	Tsunku♂ - Sneaky Spirits		
Rhythm Heaven Fever	Masami Yone, Shinji Ushiroda, Asuka Ito - Practice Theme (Mr Upbeat)		
Rhythm Heaven Fever	Masami Yone - Practice Theme (Tap Trial)		
Rhythm Heaven Fever	Masami Yone - Practice Theme (Endless Munchy Monk)		
Rhythm Heaven Fever	Masami Yone - Pracitce Theme (Kung Fu Ball)		
The Rolling Stones	You Can’t Always Get What You Want (Soulwax Remix)		
Sonic CD	Palmtree Panic (Good Future) (JP)		
Sonic CD	(Speed Up) (JP)		
Sonic Rush	Hideki Naganuma - Raisin' Me Up		
Splatoon 2	Off the Hook - Fest Zest		
Splatoon 2: Octo Expansion	Turf War bad ending		
Splatoon 3	Off the Hook - Color Pulse		
Splatoon 3	Alterna Shimin Program M-01: Standard Course (Asagiri no Kaigansen)		
Splatoon 3	Grizzo - Rocket Launch		
Splatoon 3	Grizzco - Bear with Me (Phase 1) (synth is 126, drums are 122)		
Super Mario Bros.	Koji Kondo - Ground Theme		
Super Mario Bros. 2	Player Select		
Super Mario Bros. 3	Miss		
Super Mario Bros. 3	World Clear Fanfair		
Super Mario World	Koji Kondo - Donut Plains		
Super Mario World	Koji Kondo - Star Road		
Super Mario World	Koji Kondo - Special World		
Super Mario World	Koji Kondo - Athletic Theme		
Super Mario World	Koji Kondo - Ending Theme		
Super Mario 64	Koji Kondo - Opening		
Super Mario 64	Koji Kondo - Bob-Omb Battlefield		
Super Mario 64	Koji Kondo - Snowy Mountain		
Super Mario 64	Koji Kondo - Powerful Mario		
Super Mario 64	Koji Kondo - Metallic Mario		
Super Mario 64	Koji Kondo - Staff Roll		
Super Mario Sunshine	A Shine Sprite Appears		
Super Mario Sunshine	How to Use FLUDD pt1		
Super Mario Sunshine	How to Use FLUDD pt2		
Super Mario 64 DS	Playroom		
Super Mario 64 DS	Owl Fly		
Super Mario 64 DS	Fire		
Super Mario Galaxy	Super Mario 2007		
Super Mario Odyssey	Crazy Cap 4		
Swami Sound, Chediak	Refuse (Refazer)		
Tiny Wings	Night Theme		
Total Chaos	Let It Roll (-25, verses are Fmaj-25) (~103/206		
underscores	Girls and boys		
Wii Play	Title Theme		
Wii Play	Silver Medal Get!		
Wii Play	Round Failure (Tanks)		
Wii Sports	Channel Intro		
Yoshi's Island	Koji Kondo - Goal		
2 Mello	Rapid Crew (Can't Move Me) pt2		
32ki ft. Hatsune Miku ＆ Kasane Teto	Mesmerizer (メズマライザー)		
8485	G.I.R.L. [+Danny Brown] (in real life)		
A$AP ROCKY ft. Drake, 2 Chainz, Kendrick Lamar	Fuckin' Problems		
Birds of Prey	Doja Cat - Boss Bitch		
Boys Noize	The Battery (DJ Maxximus Remix)		
Clairo	Bags (GRRL Remix)		
Clarence Clarity	Naysayer, Magick Obeyer pt1 (make me feel like i make you feel good)		
CRUSH / CRUSH3D	City Tutorial 05		
Crystal Castles	Not In Love (original not robert smith version)		
Cyberpunk 2077	Private Press - ENERGEEHOUSE		
DaFuq!?Boom!	skibidi toilet (yes yes)		
daine	boythots_KAVARI_bootleg_new_version		
DELTARUNE Chapters 3+4	Toby Fox - Even Higher		
Doja Cat	Boss Bitch		
DRAKE	FAMILY MATTERS pt1		
DRAKE	FAMILY MATTERS pt2		
EASYFUN	Audio		
Empire Of The Sun	Music On The Radio		
I-F	Space Invaders Are smoking Grass		
IC3PEAK	Марш (Marching)		
Irfane ft. Outlines	Just A Lil' Lovin'		
Jamiroquai	Little L (Bob Sincair Remix)		
J.I.D	Skegee		
JPEGMAFIA	PROTECT THE CROSS pt2		
JPEGMAFIA	Jordan Rules pt1		
JPEGMAFIA	Jordan Rules pt3		
Kendrick Lamar	Institutionalized pt2		
Kendrick Lamar & J Cole	Black Friday pt1		
Mac Miller	Self Care pt2		
M.I.A.	Pull Up The People		
M.I.A.	Amazon		
M.I.A.	CTRL		
M.I.A.	The One		
Michael Jackson	Rock With You (may work as D#min, keychange +1 to Bmin		
Nelly Furtado	Maneater (Poetically Remix)		
N.E.R.D	Everyone Nose (All The Girls Standing In The Line For The Bathroom)		
Portal 2	Mike Morasky - Turret Wife Serenade		
Rhythm Heaven	Masami Yone - Big Rock Finish C		
Rhythm Heaven Fever	Tsunku♂ - Karate Man (悲しみのスコール)		
Selena Gomez	Look At Her Now (Zora Jones Edit)		
Shinichi Osawa	Maximum Joy (Van She Remix) (ecstasy)		
SOPHIE	Nothing More To Saw (Vox)		
Splatoon 2	Off the Hook - Splatfest Defeat (Jingle)		
Splatoon 3: Side Order	Free Association - ΘctΘpticΘn		
Super Mario Sunshine	FLUDD Theft		
Tekken Tag Tournament 2	Busy P - Piano Intro (Massive True Mix)		
Touch Sensitive ft. Daniel Wilson	G.A.L. (you are all i need)		
tove lo	disco tits (folie remix)		
Travis Scott	SKITZO pt2		
whoTF, Folie, Forget Basement	FFB part2		
Yaeji ft. K Wata	Ready or Not		
Yolanda Be Cool & DCUP	We No Speak Americano (Porter Robinson Remix)		
The Young Punx	Your Music Is Killing Me (Phonat Mix)		
A. G. Cook ft. Sarah Bonito & Hannah Diamond	The Darkness (Megamix) pt1		
A$AP Rocky	A$AP Forever pt1		
Cut Copy	Going Nowhere (+30) (Digitalism Remix)		
Cyberpunk 2077	Us Cracks (Namakopuri) - User Friendly (cover)		
Daft Punk	The Brainwasher (ATOM Remix)		
Fred again.., Wet	Kelly (end of a nightmare) pt2		
Green Day	Jesus Of Suburbia pt1		
John Lennon, Yoko Ono	Give Peace A Chance (Ultimate Mix)		
JoJo	Music.		
Lady Gaga ft. Beyoncé	Telephone (Crookers Dub Remix)		
M.I.A.	Fire, Fire		
Namasenda ft. Oklou	☆ (all up in my head)		
Oklou	(;´༎ຶٹ༎ຶ`)		
Prince	Batdance pt2		
REI AMI	Dictator pt2		
Rhythm Heaven	Tsunku♂ - Game Select 1		
Rhythm Heaven	Masami Yone - OK		
Rhythm Heaven	Masami Yone - Superb		
Rhythm Heaven	Masami Yone - Lockstep		
Rhythm Heaven	Masami Yone - Lockstep 2		
Rhythm Heaven	Masami Yone - Guitar Lessons		
Rhythm Heaven	Tsunku♂ - Cast		
Rhythm Heaven Fever	Tsunku♂ - Game Select 1		
Rhythm Heaven Fever	Tsunku♂ - Night Walk (Dreams of Our Generation)		
Rhythm Heaven Fever	Tsunku♂ - Night Walk (僕らの世代！)		
Rhythm Heaven Fever	Tsunku♂ - Power Calligraphy		
Rhythm Heaven Fever	Masami Yone, Shinji Ushiroda, Asuka Ito - STAFF		
Troye Sivan	Honey (Mura Masa Euphoria Mix)		
Troye Sivan	Honey (Mura Masa Wonder Mix)		
Tyler, The Creator	Glitter pt2		
umru + Laura Les	popular (caro♡ Cover)		
umru & Cecile Believe	Honest [GRRL Remix] (GRRL4x4Edit4B4battlepass)「NXC」		
Wii Play	Wii Channel		
100 Gecs	Hey Big Man (Monte Hills Flip)		
21 Savage & Metro Boomin ft. Future	X		
A. G. Cook	Cos I Love You		
Aaron Cartier ft. Tymmi	SHINE		
Arca	????? A pt2		
Arca	????? A pt4		
Baby Keem, Kendrick Lamar	range brothers pt2 (top of the morning)		
Beyoncé	VIRGO'S GROOVE pt2		
Billie Eilish	CHIHORO		
The Black Eyed Peas	Let's Get It Started / Let's Get Retarded		
Cassius	Super Crush		
Charlie Puth	L.U.V		
Cyberpunk 2077	Yards of the Moon (Private Press) - IIOI Break		
Daft Punk	aerodynamic (onlytom 2019 remix)		
Daft Punk	Human After All (ATOM Remix)		
Dan Bull	Robocopyright		
De La Soul	A Roller Skating Jam Named Saturdays		
DZ Deathrays	Fixations (AL-P Remix)		
Fergie ft. Black Eyed Peas	Get Your Hands Up		
Fortnite	Epic Games - Best Buds		
Friday Night Funkin'	Kawai Sprite - South		
Friday Night Funkin'	Kawai Sprite - Pico		
Friday Night Funkin'	Kawai Sprite - High		
Friday Night Funkin'	Kawai Sprite - M.I.L.F.		
Friday Night Funkin'	Kawai Sprite - Ugh		
Grits ft. 2Pac & Xzibit	Ooh Ahh (My Life Be Like) (Remix)		
gupi	Bananas! (Gwen Stefani remix)		
Hikaru Utada	タイムリミット		
Injury Reserve	Wax On Wax Off		
J. Cole	G.O.M.D (get off my dick)		
Janelle Monáe ft. Erykah Badu	Q.U.E.E.N.		
jedwill1999	OKboomer (ok boomer) (umru remix)		
Kendrick Lamar	DNA pt1		
Kendrick Lamar	euphoria pt3		
KNOWER	BUTTS TITS MONEY		
Kwame	WOW		
The Legend of Zelda: Ocarina of Time	Koji Kondo - Ganon's Castle (Underground)		
Linkin Park ft. Phoenix Orion	Rnw@y (Backyard Bangers Reanimation) (runaway remix)		
M.I.A.	Bucky Done Gun		
M.I.A.	Galang		
M.I.A.	Galang (Cavemen Remix)		
M.I.A.	Galang (South Rakkas Remix)		
M.I.A.	M.I.A		
Mousse T. ft. Hot 'N' Juicy	Horny (Boris Gets Horny Mix) (thats boris dlugosch, not the band boris lol)		
N.E.R.D	Windows		
N.E.R.D ft. Nelly Furtado	Hot-n-Fun (Yeasayer Remix)		
Nine Inch Nails	Piggy (nothing can stop me now) (original downward spiral version)		
Nine Inch Nails	Piggy (Nothing Can Stop Me Now) (further down the spiral version)		
N.O.R.E.	Nothin'		
Ollie King	Hideki Naganuma - Teknopathetic (e-Pop 'n' Disco 80's Mix)		
Pharrell Williams ft. Nelly	Baby		
Pokémon Red and Blue	A Trainer Appears (Bad Guy Version)		
Poppy	X (metal parts)		
Porter Robinson ft. Amy Millan	Divinity (REZZ Remix)		
Rhythm Heaven Fever	Tsunku♂ - Packing Pests		
Rhythm Heaven Fever	Tsunku♂ - Cheer Readers 2		
Rhythm Heaven Fever	Tsunku♂ - Packing Pests 2		
Rita Ora ft. Tinie Tempah	R.I.P. (i'm ready for ya)		
Sonic the Hedgehog	Dr. Robotnik's Theme (Boss)		
Sonic Rush	Hideki Naganuma - Wrapped In Black		
Soulwax	Slowdance (everybody knows) (any minute now version)		
Soulwax	Slowdance (nite versions version)		
Splatoon	Turquoise October - Octoweaponry (Phase 3)		
Splatoon 2	Inkopolis Square Speakers A		
Splatoon 2	Inkopolis Square Speakers F		
Splatoon 3	Grizzco - Anarchy Splatcast (Big Run)		
Splatoon 3: Side Order	Free Association - rout1nes		
Splatoon 3: Side Order	Free Association - souven1r		
Splatoon 3: Side Order	Free Association - 2ouvenir		
Stereloab	Rainbow Conversation (rainbow)		
Stina Nordenstam	Dynamite (kmoe edit)		
Sukatani	Bayer Bayer Bayer		
Surkin	I.N.Y.N (i need you now)		
Travis Scott ft. Kacy Hill	90210 pt1		
Troye Sivan	One of Your Girls (Dillon Francis Remix)		
The Weeknd ft. Swedish House Mafia	Sacrifice (Remix)		
WILLOW ft. Travis Barker	t r a n s p a r e n t s o u l (transparent soul)		
wowaka ft. Hatsune Miku	Rolling Girl PV		
V-FUN	GGGG		
100 gecs	money machine (nosquist remix)		
Animal Collective	Winters Love pt2		
Aphex Twin	Lornadek (happy birthday)		
A$AP Rocky	L$D (LOVE x $EX x DREAMS) (LSD)		
Avril Lavgine	Sk8er Boi		
Bazzi	I.F.L.Y. (i fucking love you)		
BENEE	Safe Effect		
Black Country New Road	Sunglasses pt1		
Coldplay	X & Y		
dltzk	kodak moment		
Fall Out Boy	SUG4R W3'RE G01N' D0WN (holidaykiss rmx)		
Jane Remover	Video		
jubeat	Mutsuhiko Izumi - 天国と地獄 (Heaven and Hell / Super Hyper Can Can)		
Kendrick Lamar	A.D.H.D		
Kendrick Lamar	euphoria pt1		
The Legend of Zelda: Ocarina of Time	Koji Kondo - Princess Zelda		
The Legend of Zelda: Ocarina of Time	Koji Kondo - Lon Lon Ranch		
M.I.A.	Hombre		
M.I.A.	Paper Planes		
M.I.A.	Paper Planes (DFA Remix)		
M.I.A.	Paper Planes (Afrikan Boy & Rye Rye Remix)		
M.I.A.	Paper Planes (Scottie B Remix)		
Rhythm Heaven	Tsunku♂ - Rhythm Rally		
Rhythm Heaven	Tsunku♂ - Rockers		
Rhythm Heaven	Tsunku♂ - Rockers 2		
Rhythm Heaven	Masami Yone - Menu (Rhythm Toys)		
Rhythm Heaven	Masami Yone - Glass Tappers		
Rhythm Heaven Fever	Tsunku♂ - Board Meeting		
Rhythm Heaven Fever	Tsunku♂ - Micro-Row		
Rhythm Heaven Fever	Tsunku♂ - Congratulations!		
Rhythm Heaven Fever	Tsunku♂ - Micro-Row 2		
Rhythm Heaven Fever	Masami Yone, Shinji Ushiroda, Asuka Ito - Try Again		
Rhythm Heaven Fever	Masami Yone, Shinji Ushiroda, Asuka Ito - OK		
ryo (supercell) ft. Hatsune Miku	Melt		
SOHN	The Wheel		
Sonic CD	Metallic Madness (Good Future) (JP)		
Space Cowboy	I Would Die 4 U (die for you) (prince remix)		
Splatoon 2	Inkopolis Square Speakers D		
Splatoon 2: Octo Expansion	Completion		
Splatoon 3	Deep Cut - Still Swimmin'		
Splatoon 3	Cap'n Cuttlefish's Theme (Dry)		
Super Mario Sunshine	Select Data		
trisopod	Basket Case (Cover by Chirpy Chips) (green day)		
Troye Sivan	One of Your Girls (Felix Jaehn Remix)		
underscores	Tongue in cheek		
Wii Play	Bronze Medal Get!		
ZHEANI	BWC (bring white cunt)		
100 gecs	757 pt1		
21 Savage, Doja Cat	n.h.i.e.		
Adam Neely ft. Hannah Sumner	The Hills		
Andor	Niamos! (Morlana Club Mix)		
A$AP Rocky	Long Live A$AP (live forever)		
Ashlee Simpson	L.O.V.E.		
Baby Keem, Kendrick Lamar	family ties pt2		
BAD OMENS x POPPY	V.A.N (violence against nature)		
Basement Jaxx ft. Totlyn Jackson	Supersonic (Cblues-20) (some C#blues-20		
beatmania IIDX 20 tricoro	HIDEKI NAGANUMA - LUV CAN SAVE U		
Björk	Army of me (Beasty Boys remix)		
Blackalicious ft. Saul Williams, Lyrics Born & Zach de la Rocha	Release pt2		
Bloodhound Gang	The Bad Touch (The Eiffel 65 Mix)		
Boys Noize	Jeffer (Modeselektor Remix)		
BTS	피 땀 눈물 (Blood Sweat & Tears) (money money)c		
Charli XCX	Guess (DJ CARLOZS EDIT)		
Charli xcx	Rewind 365 (DJ Re:Code Remix)		
Childish Gambino	World Star		
Christina Milian	A.M to P.M		
Clean Bandit ft. Kandaka Moore & Nikki Cislyn	A + E		
Cowboy Bebop	Seatbelts - Tank! (wev edit)		
CRUSH / CRUSH3D	Funfair 05		
CRUSH / CRUSH3D	Funfair 05 (B)		
Crystal Castles	Through The History		
Cyberpunk 2077	Muchomorr (Mchy i Porosty) - Chodze (inst) (windowlicker)		
Cyberpunk 2077	Sonaris Causa (Eltron) - La Stessa Causa		
Cyberpunk 2077	The Red Glare (Le Destroy) - Violence		
Cyberpunk 2077	Private Press - BESTPL		
Cyberpunk 2077	Mr. Kipper (Idris Elba) - Choke Hold		
Dem Franchise Boyz ft. Jermaine Dupri, Da Brat & Bow Wow	I Think They Like Me (So So Def Remix)		
DJ Funk, Jammin G and DJ Chip	Hold Up Mix		
DJ Snake, AlunaGeorge	You Know You Like It (Tchami Remix)		
DJH	HBP Kadaver〔124ʙᴘᴍ〕		
dltzk	eyes off the wheel, i'm a star		
Fall Out Boy	Thnks Fr Th Mmrs (@hikeii edit)		
fish	We R (Kesha - We R Who We R) (gupi remix)		
Flux Pavillion	I Can't Stop		
FOGO NO PUTEIRO x 25 E NATAL	MC GW (BEAT DO PAC-MAN)		
Fortnite	Epic Games - You Don't Know Me		
Fortnite	Epic Games - Pea Like Me		
Friday Night Funkin'	Kawai Sprite - Gettin' Freaky (Main Menu)		
Friday Night Funkin'	Kawai Sprite - Fresh		
Friday Night Funkin'	Kawai Sprite - Fresh (Boyfriend Remix)		
Friday Night Funkin'	Kawai Sprite - Start Screen (Itch.io Build)		
Friday Night Funkin'	Kawai Sprite - Roses		
Friday Night Funkin'	Kawai Sprite - Thorns		
From First to Last	The Latest Plague (Atticus Ross Remix)		
Genesis Owusi	Easy		
Gorillaz ft. Little Dragon	Empire Ants pt2		
Halsey	Without Me - gupi unintentional remix		
Натали	Cherepashka (blue)		
Hikaru Utada	Electricity		
Hikaru Utada	Electricity (Arca Remix)		
Hikaru Utada	Electricity (Karen Nyame KG remix)		
JAY-Z, Kanye West	H•A•M (ham)		
jedwill1999	OKboomer (ok boomer) (william crooks remix)		
Julie Griffin	I'm Blue (Da Ba Dee) (Goofy) (blue)		
Katamari Damacy	Asuka Sakai, Ado Mizumori & Asami Shimada - Gin & Tonic & Red Red Roses (A Crimson Rose and a Gin Tonic)		
Kendrick Lamar	i		
Kendrick Lamar	XXX. FEAT. U2 pt1 (america)		
Keri Hilson ft. Lil Wayne	TURNIN ME ON 80/160)		
Kill La Kill	Hiroyuki Sawano - Nui Harime Theme		
Lady Gaga	Paparazzi (The Plain Ensemble Remix)		
Lady Gaga	G.U.Y.		
Lady Gaga ft. Elton John	Sine From Above (Chester Lockhart, Mood Killer & Lil Texas Remix)		
The Legend of Zelda: Ocarina of Time	Koji Kondo - Deku Tree		
The Legend of Zelda: Ocarina of Time	Koji Kondo - Escape from Ganon's Castle		
The Legend of Zelda: Tears of the Kingdom	deep hole dive ambience (brass note starts at Eb and bends -2 to Db)		
Lego Racers	Track 10		
Lil Reek ft. Quay	Donut Shop Trappin (prod. Brodinski & Max Ant) [umru reeurocentrification] {123Bpm}		
Linkin Park	Kyur4 Th Ich (Chairman Hahn Reanimation) (cure for the itch remix)		
LL Cool J	G.O.A.T		
Ludacris ft. Mystikal, I-20	Move Bitch		
Mariofan888	1 2 Oatmeal		
M.I.A.	Bamboo Banga (DJ Eli Remix)		
M.I.A.	THE MESSAGE		
M.I.A.	BORN FREE		
M.I.A.	Marigold		
M|O|O|N	Hydrogen		
Pharrell Williams	Raspy Shit		
Piano Fantasia	Song for Denise (Maxi Version) (wide putin)		
PinkPantheress	Another Life (DJ Re:Code Remix)		
P.O.D.	Youth of the Nation (we are)		
Rammstein	Radio		
Rhythm Heaven	Tsunku♂ - Title Theme		
Rhythm Heaven	Tsunku♂ - Fillbots		
Rhythm Heaven	Tsunku♂ - Fillbots 2		
Rhythm Heaven	Tsunku♂ - Karate Man (Struck by the Rain)		
Rhythm Heaven	Tsunku♂ - Karate Man 2 (Struck by the Rain)		
Rhythm Heaven	Tsunku♂ - Battle of the Bands		
Rhythm Heaven Fever	Tsunku♂ - Title Theme		
Rhythm Heaven Fever	Tsunku♂ - Screwbot Factory		
Rhythm Heaven Fever	Masami Yone, Shinji Ushiroda, Asuka Ito - Fork Lifter		
Rhythm Heaven Fever	Tsunku♂ - Cheer Readers		
Rhythm Heaven Fever	Masami Yone, Shinji Ushiroda, Asuka Ito - Screwbot Factory 2		
Rhythm Heaven Fever	Masami Yone, Shinji Ushiroda, Asuka Ito - Hi-Hat (Title Theme)		
Rhythm Heaven Fever	Tsunku♂ - Tap Trial		
Rico Nasty, Boys Noize	H.O.T. (hot)		
Rihanna	Where Have You Been (Peter Rauhofer Reconstruction Mix)		
SOPHIE	L.O.V.E. (0khz Remix)		
Smash Mouth	When The Morning Comes		
Sonic the Hedgehog	Drowning (Cphr) (gets faster)		
SOPHIE ft. Doss	Love Me Off Earth pt1, pt3		
Splatoon	Hero Mode - Onward!		
Splatoon 2	Inkopolis Square Speakers H		
Splatoon 2	Wet Floor - Defeat (Jingle)		
Splatoon 2	Turquoise October - Octo Canyon (Beaker's Depot)		
Splatoon 2	Turquoise October - Octo Canyon (Slimeskin Garrison)		
Splatoon 2	Turquoise October - Octo Canyon (Cephalon HQ)		
Splatoon 3	Deep Cut - Anarchy Poisons (Bird Mix)		
Splatoon 3	Deep Cut - Anarchy Poisons (Snake Mix)		
Splatoon 3	Deep Cut - Anarchy Poisons (Boar Mix)		
Splatoon 3	Deep Cut - Opening		
Splatoon 3	Deep Cut - Deep Cut's Theme		
Splatoon 3	Go, Agent 3!		
Splatoon 3: Side Order	Order Sector - Origin of Order		
Splatoon 3: Side Order	Free Association - j1tters		
Splatoon 3: Side Order	Free Association - jitt3rs		
Splatoon 3: Side Order	Free Association - CΘld StΘrage		
Super Mario Bros. 3	Underground BGM		
Super Mario Bros. 3	Fortress BGM		
Super Mario Bros. 3	Flute Sound / Warp Island		
Super Mario Sunshine	Course Intro (Shadow Mario)		
Super Mario Sunshine	Racing Il Piantissimo		
Super Mario Sunshine	Meet Bowser Jr.		
Tatiana Ovsiyenko / Татьяна Овсиенко	По льду		
TOHJI, ELLE TERESA, UNEDUCATED KID, FUTURISTIC SWAVER, DJ CHARI & DJ TATSUKI	GOKU VIBES (HELVETICAN REMIX)		
TOWA TEI	BATACUDA		
Travis Scott ft. Young Thug	SKITZO pt1		
Travis Scott	SKITZO pt3		
Troye Sivan	Rush (Big Freedia Remix)		
Troye Sivan	Rush (Big Freedia Remix) (Dub Mix)		
Uffie	Pop The Glock (Ellen Alien Bang The Glock Mix 2009)		
U.S.U.R.A.	Tear It Up!		
wev	numbers (Cdr,		
Wii Play	Round End (Find Mii)		
Wii Play	Finish Round (Pose Mii)		
Wii Play	Last 30 Seconds (Laser Hockey)		
Wu Tang Clan	Wu Tang Clan Ain't Nuthin' To Fuck With (+30) (A+30 note in bassline)		
YBN Cordae	Locationships		
YBN Cordae	Have Mercy		
YBN Cordae	Broke As Fuck pt1		
Animal Collective	Winters Love pt1		
Bunny Hill	gupi - Race 3		
Charli XCX	No Angel (SOPHIE Version) (leak)		
Charli XCX	bROOM bROOM (99jakes & dontloveme's KIRBYS INHALE IN ME MOMS CAR remix)		
Disney Eurobeat	Derreck Simons - Disney Mambo Nº5 (The Little Bit...)		
Frank Ocean	Nights pt1		
Friday Night Funkin'	Kawai Sprite - Bopeebo		
Friday Night Funkin'	Kawai Sprite - Game Over		
Friday Night Funkin'	Kawai Sprite - Cocoa		
Friday Night Funkin'	Kawai Sprite - Eggnog		
Friday Night Funkin'	Kawai Sprite - Game Over (Chiptune Version)		
Gorillaz ft. Little Dragon	Empire Ants pt1		
Gummibär	LaLaLa I Love You (music video version)		
Hayden Jason	Ibis		
Hikaru Utada	誰にも言わない (Dare ni mo Iwa Nai)		
Katamari Damacy	Askua Sakai - Fugue #7777		
Katamari Damacy	Yoshihito Yano, Saki Kabata - Lonely Rolling Star		
Katamari Damacy	Akitaka Toyama - You Are Smart		
Katamari Damacy	Yoshihito Yano & Akitaka Toyama, Shigeru Matsuzaki - Katamari of Love ~ Ending Theme		
Life Sim	I.D.L.		
M.I.A.	TELL ME WHY		
M.I.A.	SPACE		
Northeast Party House	L.A		
N.W.A.	Express Yourself		
Primal Scream	Loaded (Andy Weatherall Mix)		
Rhythm Heaven	Tsunku♂ - Glee Club		
Rhythm Heaven	Tsunku♂ - Glee Club 2		
Rhythm Heaven	Masami Yone - Big Rock Finish F		
Rhythm Heaven	Tsunku♂ - Airboarder (That's Paradise)		
Rhythm Heaven	Tsunku♂ - Tunnel		
Rhythm Heaven Fever	Masami Yone, Shinji Ushiroda, Asuka Ito - Double Date		
Rhythm Heaven Fever	Tsunku♂ - Air Rally		
Rhythm Heaven Fever	Masami Yone, Shinji Ushiroda, Asuka Ito - Flipper-Flop		
Rhythm Heaven Fever	Tsunku♂ - Double Date 2		
Rhythm Heaven Fever	Tsunku♂ - Hole in One 2		
Rhythm Heaven Fever	Tsunku♂ - Café		
Rhythm Heaven Fever	Masami Yone, Shinji Ushiroda, Asuka Ito - Superb		
Schnuffel_Bunny	૮꒰ ˶- ༝ -˶꒱აSnuggle_Song_dontloveme_Happy_Hardcore_Edit૮꒰ ˶• ༝ •˶꒱ა♡		
Schnuffel Bunny	Snuggle Song (dontloveme Happy Hardcore Edit)		
Shelley FKA DRAM	Exposure		
Simple Plan	Perfect		
Sweet Female Attitude	Flowers (Cutfather & Joe Mix)		
Sweet Female Attitude	Flowers (Sunship Edit)		
Wii Play	Round Start (Tanks)		
⣎⡇ꉺლ༽இ•̛)ྀ◞ ༎ຶ ༽ৣৢ؞ৢ؞ؖ ꉺლ (Four Tet)	೧ູ࿃ूੂ༽oooooo(ଳծູ ̟̞̝̜̙̘̗̖҉̵̴̨̧̢̡̼̻̺̹̳̲̱̰̯̮̭̬̫̪̩̦̥̤̣̠҈͈͇͉͍͎͓͔͕͖͙͚͜͢͢͢͢͢͢͢͢͢͢͢͢͢͢ͅ l̡̡̡ ̡͌l̡*̡̡ ̴̡ı̴̴̡ ̡̡͡| ̲̲͡ π̲̲͡͡ ɵੂ≢)_̴I		
Alan Walker	The Spectre (we live, we love, we lie)		
Aphex Twin	Schottkey 7th Part		
Aphex Twin	Carn Math		
Arca	????? B		
The Avalanches	Radio		
Bad Religion	21st Century Digital Boy (stranger than fiction version)		
Billie Eilish	BITTERSUITE pt1		
Bobby Shmurda	Hot Nigga (about a week ago)		
Charli XCX	Boys (MBootyspoon Dub)		
CRUSH / CRUSH3D	Intro		
CRUSH / CRUSH3D	Front End		
CRUSH / CRUSH3D	City Start		
CRUSH / CRUSH3D	City 01		
Dizzee Rascal, Chrom3, Calvin Harris	Dance Wiv Me (Shazam Remix)		
GLOO	C Thru		
Halsey	I am not a woman, I'm a god (Underworld's Drift Remix)		
Iglooghost ft. BABii	Shrine Hacker pt1		
Iglooghost	Germ Chrism pt1		
Janet Jackson	No Sleeep (EASYFUN Remix)		
JEL: THE DIGITAL DREAM GIRL ft. JADA	NUBOY		
Jet Set Radio Future	Russell Simins - I'm Not A Model		
Kendrick Lamar	m.A.A.d city pt1		
King Princess, Avalon Emerson	PAIN (Avalon Emerson's Quarter Alpha Mix)		
Lady Gaga ft. Colby O'Donis	Just Dance (Robots To Mars Mix)		
Lady Gaga ft. Colby O'Donis, Ash King, WeDis, Lush, Young Thoro	Just Dance (Deewan Remix)		
Linkin Park ft. Rasco and Planet Asia	Ppr:kut (Cheapshot and Jubacca Reanimation) (papercut remix)		
Linkin Park ft. Jonathan Davis	1stp Klosr (The Humble Brothers Reanimation) (one step closer remix)		
Linkin Park ft. Aaron Lewis	Krwlng (Mike Shinoda Reanimation) (crawling remix)		
Melleefresh vs deadmau5	Hey Baby (deadmau5 Mellygasm Remix)		
M.I.A.	Bad Girls		
M.I.A. ft. Missy Elliott, Nas	Bad Girls (N.A.R.S. Remix)		
M.I.A.	Bad Girls (Leo Justi Remix)		
Mr. Muthafuckin eXquire ft. Despot, Das Racist, Danny Brown & El-P	The Last Huzzah		
Nadia Oh	S.E.X.		
N.E.R.D	What's Wrong With Me		
Prince	D.M.S.R. (dance music sex romance)		
Proux	Y.O.U.		
Rhythm Heaven	Masami Yone - Drummer Duel		
Rhythm Heaven	Masami Yone - Big Rock Finish E		
Rhythm Heaven	Masami Yone - Samurai Slice (Endless) (fresh samurai)		
Rhythm Heaven Fever	Tsunku♂ - Working Dough		
Rhythm Heaven Fever	Tsunku♂ - Ringside		
Rhythm Heaven Fever	Tsunku♂ - Remix 8 (I Love You My One And Only)		
Rhythm Heaven Fever	Tsunku♂ - Remix 8 (I love you 私の君)		
Sam Smith, Kim Petras	Unholy (Disclosure Remix)		
SebastiAn	H.A.L		
Shinichi Osawa	Detonator (Herve's UXB Remix)		
Shinichi Osawa	Electoro411		
six impala	BAPACONDA YT (anaconda)		
Skrillex, Fred again.. & Flowdan	Rumble (0khz Remix)		
Skrillex,_****_*****.._&_Flowdan	rumble_dontloveme_edit		
Slum Village	Raise It Up		
Sonic CD	Metallic Madness (Bad Future) (JP)		
Splatoon 3	SashiMort - Seasource		
Splatoon 3: Side Order	Free Association - New World Order		
Swami Sound, CVMILLE	Back In The Day (Age Remix)		
System Of A Down	B.Y.O.B.		
t.A.T.u.	Not Gonna Get Us		
T.I.	Why You Wanna (gypsy woman)		
Travis Scott ft. Westside Gunn	LOST FOREVER pt2		
Tyler, The Creator	NOID		
Uffie	MCs Can Kiss (Starkey Bootleg)		
Alice Longyu Gao ft. Fraxiom	I ᐸ3 Harajuku		
Andrew Huang	300,000 NOTE SONG		
Animal Collective	Winters Love pt3		
Animal Crossing: New Horizons	10PM		
Artists for Haiti	We Are The World 25 For Haiti		
Calvin Harris	The Girls (Accoustic Version)		
Caroline Polachek	Hopedrunk Everlasting		
Charli XCX	Forever (beanboy remix)		
Das Modul	Computerliebe 1995		
Dragon	Don't You Go Out In The Rain		
Finn Keane (easyfun)	Laplander		
Hannah Diamond	Pink and Blue (Diveo Remix)		
LANA	Tune On, Tune In, Surf Out		
The Legend of Zelda: Ocarina of Time	Koji Kondo - Final Battle Against Ganon		
Lego Racers	Track 11		
Mario Kart 8 Deluxe	Mount Wario pt4		
Minecraft	C418 - Dreiton (creative5.ogg)		
Mowmow Lulu Gyaban	サイケな恋人 (Psychedelic Lover)		
Nintendo 3DS	Activity Log		
Parliament Funkadelic	We Want The Funk		
Pokémon Red and Blue	Pokémon Healed		
Pokémon Yellow	Opening Movie (Yellow Version)		
Poppy	X (happy parts)		
PUNCH PUNCH FOREVER!	Sasaki Kissa ft. Nigemizu Amu - PUNCH PUNCH FOREVER! theme		
R.E.M.	Shiny Happy People		
Rhythm Heaven	Masami Yone - Big Rock Finish G		
The Rolling Stones	Sympathy For The Devil (Eblues, inst would work as Emx with some Emaj) (pleased to meet you, hope you guess my name)		
S Club 7	Bring It All Back (don't stop! never give up)		
SKEGSS	L.S.D		
Sophie Ellis-Bextor	Murder On The Dancefloor (PNAU Remix)		
Splatoon 2	Inkopolis Square Speakers G		
Steve Lacy ft. Fousheé	Sunshine pt2		
Tyler, The Creator	SIR BAUDELAIRE outro (call me if you get lost)		
Wave Racer	Left Behind (Lamp DX SuperClub Mix)		
Wii Play	Good Results (Charge!)		
⣎⡇ꉺლ༽இ•̛)ྀ◞ ༎ຶ ༽ৣৢ؞ৢ؞ؖ ꉺლ (Four Tet)	°。 * ̧.·* ́ ̈・*・ . °。· ́ ̈ ́ ゚ * ́ ̈・ 。・ ゚. ́ ̈ ゚. .· ・*.。 * ̈°. ・*。 ̧.·* ́.·* ̈.· ・ ゚. 。 * ́ ̈* ́ ̈ .·.·* ́ ̈.·*:・✧(๑ඕัළඕั๑)✧*:・s░ƪ.		
100 gecs	757 pt2		
2 Mello	24 Hour Party People		
Australian Broadcasting Corporation	ABC News Theme (Pendulum Remix)		
Baby Keem, Kendrick Lamar	family ties pt1		
Bad Religion	21st Century Digital Boy (against the grain version)		
bill wurtz	9 8 7		
Birdy Nam Nam	U.R.A.O		
Black Country New Road	Sunglasses pt2 (with G# notes)		
Bunny Hill	gupi - Race 1 (Dphr) (155		
C418	Friend		
The Chemical Brothers	Elektrobank pt1		
The Chemical Brothers	Swoon (Boys Noize Summer Mix)		
Chip Tha Ripper	Interior Crocodile Alligator (Benny Wonder Remix)		
Cut Copy	Future (!!! Remix)		
Cyberpunk 2077	Lizzy Wizzy (Grimes) - 4ÆM (4AM)		
Cyberpunk 2077	Private Press - Undeniably Changes		
Daft Punk	C.L.U.		
Danny Brown ft. Bruiser Wolf	Y.B.P. (young black and poor)		
Doechii	FIREFLIES pt2		
Ed Sheeran ft. Stormzy, Jaykae & Aitch	Take Me Back To London (Sir Spyro Remix) [umru Remix] 134bpm 🇬🇧		
Fortnite	Epic Games - Buttern Barn Hoedown		
Fortnite	Epic Games - Brace for Chaos		
Friday Night Funkin'	Kawai Sprite - Dad Battle		
Garbage	Androgyny (Neptunes Remix - 2021 Remaster)		
GLOO	Lux 2		
GLOO	Drown U		
GLOO	Teef Chizzel (teeth chisel)		
Gotye ft. Kimbra	Somebody That I Used To Know (Gang Colours Remix)		
Gotye ft. Kimbra	Somebody That I Used To Know (Faux Pas Remix)		
Hayden Jason	Wild		
Hikaru Utada	Somewhere Near Marseilles (Sci-Fi Edit)		
Ice Spice	Munch「ᶦᵍˡᵒᵒᵍʰᵒˢᵗ ᵇᵒᵒᵗˡᵉᵍ」 (iglooghost bootleg)		
Ice Spice	SHIT (GASZIA 'DECONSTRUCTING THE FART' EDIT)		
Iglooghost	Germ Chrism pt2		
Jaden	B (so blue)		
Jaden	L		
Jaden	U (falling down) (jimi hendrix)		
Jaden	E		
Jamiroqai	Canned Heat		
Joji	Gimme Love pt1		
JPEGMAFIA	!		
Justice	Genesis (Vanille Remix)		
Justice	On'n'On		
Justin Timberlake ft. T.I.	My Love (Steve Angello & Sebastian Ingrosso Mix)		
Kai Whiston	T.F.J.		
Kanye West	FML pt1		
Kendrick Lamar	DNA. pt2		
Kendrick Lamar	u		
Kendrick Lamar	euphoria pt2		
Kendrick Lamar	tv off (feat. lefty gunplay) pt2 (mustard)		
Lazy Rich & Porter Robinson ft. Sue Cho	Hello (Sharooz Dub)		
Lazy Rich & Porter Robinson ft. Sue Cho	Hello (Jeff T Remix)		
The Legend of Zelda: Ocarina of Time	Koji Kondo - Middle Boss Battle		
The Legend of Zelda: Ocarina of Time	Koji Kondo - Temple of Time		
The Legend of Zelda: Ocarina of Time	Koji Kondo - Windmill Hut		
The Legend of Zelda: Ocarina of Time	Koji Kondo - Shadow Temple		
Linkin Park ft. Chali 2na	Frgt/10 (Alchemist Reanimation) (forgotten remix)		
Logic	Perfect		
m-flo	Tripod Baby (Shadow the Hedgehog Mix)		
Mario Kart Wii	SNES Ghost Valley 2		
Mariya Takeuchi (竹内 まりや)	Plastic Love		
Mark Pritchard & Thom Yorke	This Conversation is Missing Your Voice Dmpic, some Cmin)		
M.I.A.	Banana		
M.I.A.	20 Dollar		
M.I.A.	XR2		
M.I.A.	Bring The Noize		
M.I.A.	ILLYGIRL		
M.I.A	SAFE		
Mr Oizo	Z		
N.E.R.D	Run To The Sun		
N.E.R.D	Baby Doll		
N.E.R.D	Backseat Love		
N.E.R.D	Chariot of Fire		
N.E.R.D	Laugh About It		
Ö	Good Things On The Way		
Oneohtrix Point Never	Sticky Drama		
Panic! At The Disco	Crazy = Genious		
Persona 5	The Whims of Fate		
Pharrell Williams	How Does It Feel?		
Playboi Carti (ft. Kendrick Lamar)	MOJO JOJO		
pluffaduff, duuzu	ROBOT ROCK		
P.O.D.	Alive		
The Presets	Get The Fuck Outta Here		
Rhythm Heaven	Masami Yone - Blue Birds		
Rhythm Heaven	Masami Yone - Blue Birds 2		
Rhythm Heaven Fever	Masami Yone, Shinji Ushiroda, Asuka Ito - Remix 4		
Rhythm Heaven Fever	TNX Co. Tld. - Manzai		
Rhythm Heaven Fever	Asuka Ito - Kung Fu Ball		
Rhythm Heaven Fever	Masami Yone, Shinji Ushiroda, Asuka Ito - Pirate Crew		
Rhythm Heaven Fever	Masami Yone - Hi-Hat (Blue Birds)		
Rhythm Heaven Fever	Tsunku♂ - Hi-Hat (Rhythm Tweezers)		
Rhythm Heaven Fever	Tsunku♂ - Manzai Birds		
Shygirl	SIREN (Basement Jaxx Cruise Mix)		
Skrillex	kill everybody - gupi "begin the revolution" cover		
Sonic CD	Palmtree Panic (Bad Future) (JP)		
Soulwax	KracK (crack) (any minute now version)		
Soulwax	Accidents and Compliments (any minute now version)		
Soulwax	Accidents and Compliments (nite versions version)		
Splatoon 2	Off the Hook - Shark Bytes (Final Fest)		
Splatoon 3	C-Side - Opening		
T.I.	Whatever You Like		
tracey breaks	dubstep boy		
Tyler, The Creator	THE BROWN STAINS OF DARKEESE LATIFAH PART 6-12		
umru & dazegxd	come_a_little_closer_wip_150_bpm ~~Recorded with www.BANDICAM.com~~		
Wii Play	1P (Table Tennis)		
Wii Play	Player 2 Goal (Laser Hockey)		
Yoshi's Island	Koji Kondo - Underground Theme		
The Young Punx	Got Your Number (gonna fly now - rocky theme remix)		
⣎⡇ꉺლ༽இ•̛)ྀ◞ ༎ຶ ༽ৣৢ؞ৢ؞ؖ ꉺლ (Four Tet)	・✧(๑ඕัළ*.。 * ̈°。		
100 gecs	800db Cloud (Can Of Bliss Remix)		
The A-Team	Daniel Caine Orchestra - Title Theme		
Abba	S.O.S.		
Animal Crossing: New Horizons	Resident Services Building (town hall)		
The Avalanches	If I Were A Folkstar		
The Avalanches	Light Up pt2		
Chappell Roan	Good Luck, Babe! (moistbreezy Remix)		
Disney Eurobeat	A-BEATC ALL STARS - It's a Small World		
DJ FUCKED IN THE HEAD	WEEPING WILLOW (2023 Ethical Edit)		
dltzk	movies for guys		
Friday Night Funkin'	Kawai Sprite - Tutorial		
Joji	Gimme Love pt2		
The Legend of Zelda: Ocarina of Time	Koji Kondo - Great Fairy's Fountain		
The Legend of Zelda: Ocarina of Time	Koji Kondo - Horse Race		
The Legend of Zelda: Ocarina of Time	Koji Kondo - Ingo		
The Legend of Zelda: Ocarina of Time	Koji Kondo - Ice Cavern		
The Legend of Zelda: Breath of the Wild	Great Fairy Fountain		
Lego Racers	Track 05 (first place)		
Lunch Money Lewis	Bills		
Marvel vs. Capcom 2: New Age of Heroes	Character Select Theme (Take You for a Ride)		
M.I.A.	One for the Head		
Mr Oizo	Lars Von Sen (Xmas Version)		
natasha bedingfield	unwritten (nyles' garage flip)		
N.E.R.D	Stay Together		
Rent	Seasons of Love		
Rhythm Heaven	Tsunku♂ - Frog Hop 2		
Rhythm Heaven Fever	Tsunku♂ - Flock Step		
Shinichi Osawa	Star Guitar (Armand Van Helden Remix)		
Sonic Rush	Hideki Naganuma - Back 2 Back (back to back)		
Splatoon 2	Off the Hook - Splatfest (Theme Announcement)		
Super Mario World	Koji Kondo - Overworld Theme		
Super Mario World	Koji Kondo - Underwater Theme		
Super Mario World	Koji Kondo - Bonus Screen		
Super Mario Sunshine	Course Intro		
Tyler, The Creator	Glitter pt1		
Wii Play	Gold Medal Get!		
Yoshi's Island	Koji Kondo - Score		
⣎⡇ꉺლ༽இ•̛)ྀ◞ ༎ຶ ༽ৣৢ؞ৢ؞ؖ ꉺლ (Four Tet)	ƪ. ◖ƪ❍⊁◞.|◗щ (*ᄋ△+⁎❝᷀ົཽ*ೃ:(꒡͡ ❝᷀ົཽ ꉺ ̈.·*:・✧⃛(ཽ๑		
2 Mello	Say Somethin'		
2 Mello	Benten-Cho Boogie		
50 Cent	P.I.M.P.		
AC/DC	T.N.T.		
Adam Neely	Run Away With Me		
Aphex Twin	On		
ayumi hamasaki	浜崎あゆみ / Bold & Delicious		
BabyTron	100 Bars pt2		
Basement Jaxx	Yo Yo (G natural note in bassline)		
Beyoncé ft. Lady Gaga	Video Phone		
BIONICLE	Paul Hardcastle - Killing Machines		
Calvin Harris	I'm Not Alone (deadmau5 Mix) (i can't do this anymore)		
Chip Tha Ripper	SLAB freestyle (interior crocodile alligator)		
COUCOU CHLOE	WIZZ (let it go)		
Daft Punk	Make Love (ATOM Remix)		
Daft Punk	Technologic (ATOM Remix)		
Daft Punk	Television Rules The Nation (ATOM Remix)		
Dizzee Rascal, Chrom3, Calvin Harris	Dance Wiv Me (Niteryders Mix)		
Frank Ocean	Nights pt2		
Fortnite	Epic Games - Return Of The Tiger		
Fortnite	Epic Games - Make It Known		
Fortnite	Epic Games - Where My Wookies At?		
The Game ft. Kanye West	My Life Was Never Eazy		
GLOO	Lockii		
Highball	ILL!		
Hikaru Utada	君に夢中 (Kimi ni Muchū)		
Hitkidd, GloRilla	F.N.F. (Let's Go) (pianohop)		
Iglooghost ft. BABii	Shrine Hacker pt2		
Jamiroquai	Little L (Wounded Buffalo Remix)		
Jamiroquai	Little L (Blaze Shelter Remix)		
Justice	DVNO (Todd Edwards Sunshine Brothers remix)		
Kanye West	Stronger (AD Remix Main)		
Kendrick Lamar	DUCKWORTH. pt1		
Kendrick Lamar	DUCKWORTH. pt3		
k?d	A CRUEL ANGEL'S THESIS [RED DEATH GRAVE vs DEATHBLADE EDIT]		
King Chip	Interior Crocodile Alligator Freestyle		
Linkin Park	Pts.Of.Athrty - Jay Gordon Reanimation (points of authority remix)		
Linkin Park ft. Zion	Plc.4 Mie Hæd (a place for my head remix) (Amp Live Reanimation)		
Linkin Park ft. Stephen Richards	P5hng Me A*wy (Mike Shinoda Reanimation) (pushing me away remix)		
LSD	Audio		
M.I.A.	BELIEVER		
MONDO GROSSO	ラビリンス		
N.E.R.D	Yeah You		
Ninajirachi	Some		
N.W.A.	Straight Outta Compton		
Oceans 4	Just out of curiosity, which clubs did you geniuses pick to DJ? (Heaven NYC, October 31, 2022)		
Outback	21_questionable_breakbeats_180bpm		
OutKast	War pt2		
Phace ft. Misanthrop	Sex Sells (get dirty tonight)		
Playboi Carti	R.I.P.		
Prince	Batdance pt1 & pt3		
The Prodigy ft. RZA	Breathe (Liam H and René LaVice Re-Amp)		
Rhythm Heaven Fever	Tsunku♂ - Working Dough 2		
Rhythm Heaven Fever	Tsunku♂ - Remix 9 (Beautiful One Day)		
Rhythm Heaven Fever	Tsunku♂ - Remix 9 (やがて女はきれいになるだろう)		
Rihanna	S&M		
Skrillex	HOLD ON (humble remix)		
Sonic CD	Stage Clear (JP)		
Sonic Rush	Hideki Naganuma - Metal Scratchin'		
SOPHIE	BIPP (Autechre Mix)		
SOPHIE ft. Doss	Love Me Off Earth pt2		
Soulwax	Compute (any minute now version)		
Soulwax	Compute (nite versions version)		
Soulwax	Krack (crack) (nite versions version)		
Splatoon	Squid Sisters - Calamari Inkantation		
Splatoon	Squid Sisters - Calamari Inkantation (Callie vs. Marie)		
Splatoon 2	Squid Sisters - Spicy Calamari Inkantation		
Splatoon 3: Side Order	Free Association - routine2		
Travis Scott ft. Drake	Sicko Mode pt3		
Travis Scott	LOST FOREVER pt1		
Ty Dolla $ign ft. Kanye West, FKA twigs, Skrillex & serpentwithfeet	Ego Death (Yoseppi's Club Edit)		
Tyler, The Creator ft. Charlie Wilson, Chaz Bundick, Sydney Bennett & Kali Uchis	PERFECT		
Tyler, The Creator ft. GloRilla, Sexyy Red & Lil Wayne	Sticky pt1		
Tyler, the Creator	THAT GUY		
Uffie ft. Pharrell Williams	ADD SUV (Carte Blanche Remix)		
umru & Petal Supply ft. Rebecca Black	✡︎ Heart 2 [MILKFISH Remix for Bar Mitzvah] {180 beats per minute} ✡︎		
umru & Petal Supply ft. Rebecca Black	heart2⋅.˳˳.⋅ॱ˙KAVARI 'heart2heart' Remix˙ॱ⋅.˳˳.⋅180ᵇᵖᵐ		
ayumi hamasaki	BLUE BIRD		
deadmau5	Brazil (original version)		
Go! Team	Everyone's a VIP to Someone		
Jet Set Radio	Feature Cast - Recipe For The Perfect Afro		
Lil Yachty	sAy sOMETHINg pt2 (i need your love)		
M.I.A.	U.R.A.Q.T. (right then it's on)		
N.E.R.D	Don't Worry About It (she's bad ass)		
Rhythm Heaven	Masami Yone - Try Again		
Rhythm Heaven Fever	Masami Yone, Shinji Ushiroda, Asuka Ito - Greetings!		
Rhythm Heaven Fever	Masami Yone, Shinji Ushiroda, Asuka Ito - Monkey Watch		
Rhythm Heaven Fever	Tsunku♂ - Game Select 2		
Splatoon 3	C-Side - Learning Curve		
underscores ft. 8485	Your favorite sidekick		
⣎⡇ꉺლ༽இ•̛)ྀ◞ ༎ຶ ༽ৣৢ؞ৢ؞ؖ ꉺლ (Four Tet)	҉.·.·* ́ ̈.·*:・✧๑ඕั ҉		
⣎⡇ꉺლ༽இ•̛)ྀ◞ ༎ຶ ༽ৣৢ؞ৢ؞ؖ ꉺლ (Four Tet)	)✧⃛*		
⣎⡇ꉺლ༽இ•̛)ྀ◞ ༎ຶ ༽ৣৢ؞ৢ؞ؖ ꉺლ (Four Tet)	࿃ूੂ࿃ूੂੂ࿃ूੂOOOOOOOOOOOO ̟̞̝̜̙̘̗̖҉̵̴̨̧̢̡̼̻̺̹̳̲̱̰̯̮̭̬̫̪̩̦̥̤̣̠҈͈͇͉͍͎͓͔͕͖͙͚͜͢͢͢͢͢͢͢͢͢͢͢͢͢͢ͅ ooooooooo		
2 Mello	Getaway		
Andor	Niamos! (Galaxy Mix)		
Aphex Twin	I		
Arcane: Season 2	Ashnikko - Paint The Town Blue		
Baby Keem, Kendrick Lamar	range brothers pt1		
BEJALVIN ft. AGES	SWAGGED OUT (Remix)		
Beyoncé	VIRGO'S GROOVE pt1		
Billie Eilish	BITTERSUITE pt3		
Billie Eilish	BLUE pt1		
Bladee & Ecco2k	amygdala_0khz_remix ▶ .ılılıllllıılılllıllı. 2:04		
BROCKHAMPTON	TEAM pt2		
C418	Stranger Think (Stranger Things theme remix)		
Cali Cartier	Never Fall In Love		
Cassius	Cassius 99		
The Chemical Brothers	Elektrobank pt2		
CRUSH / CRUSH3D	City Tutorial 02		
Cyberpunk 2077	Telo$ (A$AP Rocky) - Flacko Loco		
Dennibro	Deez Nuts! [Trap Remix]		
Digitalism	Zdarlight / I Want I Want (Live at the Bunker) pt2		
Doja Cat	Streets (Ape Drums Remix)		
DRAKE	FAMILY MATTERS pt3		
Empire Of The Sun	We Are The People (We Are The Cagedbaby Mix)		
Fat Rat	Unity		
Fez	Disasterpeace - Pressure		
Fortnite	Epic Games - Flickering Flame		
Fortnite	Epic Games - You're All Mine		
Fortnite	Epic Games - The Hunting Ground		
Fortnite	Epic Games - Fire and Steel		
The Fresh Prince of Bel-Air	DJ Jazzy Jeff & the Fresh Prince - Yo Home to Bel-Air		
Friday Night Funkin'	Kawaii Sprite - Guns		
GLOO	Barely Twins		
Good Times Ahead	Help Me!		
Headman	Catch Me (Dub) (do your dance)		
Hikaru Utada	traveling (Bahiatronic Mix)		
iamamiwhoami	y		
IC3PEAK	Смерти Больше Нет /Death No More		
Jet Set Radio Future	Cibo Matto - Birthday Cake		
J.I.D	151 Rum		
JoJo's Bizarre Adventure: Phantom Blood	Yes - Roundabout		
JoJo's Bizarre Adventure: Diamond is Unbreakable	THE DU - CRAZY NOISY BIZARRE TOWN		
Juan Antonio Rios	Nunca me Faltes (Marcianito)		
Justin Bieber	E.T.A.		
Justin Timberlake ft. T.I.	My Love (Ibiza Is Burning Mix) (hani remix)		
Justin Timberlake ft. T.I.	My Love (Linus Loves Remix)		
Katamari Damacy	Yū Miyake - Lovely Angel		
Kendrick Lamar, U2	XXX. FEAT. U2. pt2		
Kendrick Lamar	DUCKWORTH. pt4		
Kill Bill Vol. 1	Tomoyasu Hotei - Battle Without Honor Or Humanity		
Kwame	schleep. (sleep)		
The Legend of Zelda: Ocarina of Time	Koji Kondo - Forest Temple		
leroy	bluuuueeeee (blue) (halsey - colors remix)		
Linkin Park ft. Aceyalone	Wth>You (Chairman Hahn Reanimation) (with you remix)		
M.I.A.	Dash The Curry		
M.I.A.	XXXO		
Medcab, The Young Punx	The Roof		
Megan Thee Stallion	B.I.T.C.H.		
Merlyn Wood and CONNIE	S.Y.K.		
M.I.A.	BirdFlu		
M.I.A.	World Town		
M.I.A.	STEPPIN UP (chainsaw)		
M.I.A.	CAPS LOCK		
Minecraft	C418 - Excuse		
Nadastrom & Skrillex	!!!		
N.E.R.D ft. Vita, Lee Harvey	Lapdance (Freeform Reform)		
N.E.R.D	Lapdance (Trent Reznor Remix)		
N.E.R.D	Things Are Getting Better (i'm the shit)		
N.E.R.D	Brain		
N.E.R.D	Provider		
N.E.R.D	Provider (Zero 7 Remix)		
N.E.R.D ft. No Malice	Am I High		
N.E.R.D	Rock Star (rockstar)		
N.E.R.D	Bobby James		
N.E.R.D	Fly Or Die		
N.E.R.D	She Wants To Move		
N.E.R.D	She Wants To Move (Basement Jaxx Main Mix)		
N.E.R.D	She Wants To Move (Mac And Toolz Remix)		
N.E.R.D ft. Lenny Kravitz	Thrasher		
N.E.R.D ft. Lenny Kravitz	Maybe		
N.E.R.D	Kill Joy		
N.E.R.D ft. Nelly Furtado	Hot-n-Fun (Crookers Remix)		
Nine Inch Nails	Sanctified (Eblues) (107		
OutKast	My Favourite Things		
Persona 5	Alleycat		
Pharrell Williams ft. Lauren	Show You How To Hustle		
Piracy. It's A Crime	Melchior Reitveldt - Piracy. It's A Crime PSA		
P.O.D.	Boom (take your best shot, it's alright)		
Pokémon Red and Blue	A Trainer Appears (Boy Version)		
Pokémon Red and Blue	Sylph Co.		
Pokémon Red and Blue	Pokémon Mansion (Eharm		
R.E.M.	The One I Love (fire)		
REI AMI	Dictator pt1		
Rhythm Heaven Fever	Tsunku♂ - Remix 5		
Rhythm Heaven Fever	Masami Yone, Shinji Ushiroda, Asuka Ito - Rhythm Fighter		
Rhythm Heaven Fever	Masami Yone, Shinji Ushiroda, Asuka Ito - Police Call (Investigation)		
Sean Paul	She__Doesn_t__Mind__ (Fraxiom__Remix)		
Shygirl ft. SG Lewis	mr useless (MK edit)		
Skrillex ft. Sirah	WEEKENDS!!!		
Skrillex, Noisia, josh pan & Dylan Brady	Supersonic (VIP)		
Skrillex	Ratata (alice gas flip)		
Sonic the Hedgehog 3	Final Boss		
S.O.U.L. S.Y.S.T.E.M.	It's Gonna Be A Lovely Day		
Splatoon 2	Inkopolis Square Speakers E		
Splatoon 2	Inkopolis Square Speakers I		
Splatoon 2	Turquoise October - Octarmaments (Phase 3)		
Splatoon 2	Hero Mode - Onward!		
Splatoon 2: Octo Expansion	Marina - Ebb & Flow (Demo)		
Splatoon 3	Octoplush - Seep & Destory		
Splatoon 3	Grizzco - Bear with Me (Phase 3)		
Splatoon 3: Side Order	Off the Hook ft. Dedf1sh - Spectrum Obligato ~ Ebb & Flow (Out of Order)		
Super Mario 64	Koji Kondo - Lethal Lava Land		
Travis Scott	STARGAZING pt2		
TwerkNation28	[BRAND NEW] 👹 "Milkshake" x AskMex4fjkBeatzzzz - Icanalmosttasteit ✂️ [RELXOAD[[P ►【The Em Attack】(kelis - milkshake (murder club remix)		
whoTF & food house & also Sam Smith & Kim Petras	unholyfoodTF__108.5bpm.m4a		
Who TF	The Waiting		
Wild Cherry	Play That Funky Music White Boy		
Y2K & lil aaron	DAMN (umru remix)		
The Avalanches	Light Up pt1		
BENEE	C U		
the chef cooks me	最新世界心心相印		
The Chemical Brothers	Playground For A Wedgeless Fern		
Coldplay	U.F.O.		
Daft Punk	Emotion (ATOM Remix)		
Dan Croll	IN/OUT (Baardsen Remix)		
Dead Workers Party	In Search of Diamonds		
dltzk	can you tell?		
EASYFUN	Audio (All I Ever Got)		
Frost Children ft. 8485	NOTICE ME		
gum.mp3	Cartz 2		
Hikaru Utada	BADモード (BAD MODE)		
Hikaru Utada	Hatsukoi		
Joji	Gimme Love (Channel Tres Remix) (Gmx, changes to Emx) (vocals are out of tune)		
JPEGMAFIA	💯		
Katamari Damacy	Asuka Sakai, Charles Kosei - Que Sera Sera		
The Legend of Zelda: Ocarina of Time	Koji Kondo - Hyrule Field		
The Legend of Zelda: Ocarina of Time	Koji Kondo - Town		
The Legend of Zelda: Ocarina of Time	Koji Kondo - Zora's Domain		
The Legend of Zelda: Ocarina of Time	Koji Kondo - Meet Zelda Again		
Lego Racers	Track 28 (build a car)		
-M-	Superchérie		
Male Singer 3	Bad Life		
MARINA AND THE DIAMONDS	PRIMADONNA (Poetically Remix)		
Mario Kart Wii	Asuka Ota & Ryo Nagamatsu - Losing Results 2		
Minecraft	C418 - Chirp pt2		
Mozart	Eine Kleine Nachtmusik, K 525 Allegro		
Mr. Oizo ft. Charli XCX	Hand In The Fire (Album Version)		
Nat King Cole	L-O-V-E		
Pandora: The World of Avatar	Sandra Benton - Na'vi River Journey Ride Through		
Pernille Askersrud	Schnappi (Das kleine krokodil)		
PM Dawn	Set A Drift On Memory Bliss		
Pokémon Red and Blue	Palette Town		
R.E.M.	It's The End Of The World As We Know It		
Rhythm Heaven	Tsunku♂ - Munchy Monk		
Rhythm Heaven	Tsunku♂ - Love Lab		
Rhythm Heaven	Tsunku♂ - Space Soccer		
Rhythm Heaven	Tsunku♂ - Space Soccer 2		
Rhythm Heaven	Masami Yone - Rhythmove Dungeon		
Rhythm Heaven Fever	Tsunku♂ - Remix 3 (Tonight)		
Rhythm Heaven Fever	Tsunku♂ - Remix 3 (I Feel Fine!!)		
Rhythm Heaven Fever	Tsunku♂ - Shrimp Shuffle		
Rhythm Heaven Fever	Masami Yone, Shinji Ushiroda, Asuka Ito - Munchy Monk (Endless)		
Richard Berry and the Pharaohs	Louie Louie		
Shibayan	Tiny Little Adiantum		
Splatoon	DJ Lee Fish - Lookin' Fresh (Cooler Heads)		
Splatoon	DJ Lee Fish - Lookin' Fresh (Shrimp Kicks)		
Splatoon 2	Inkopolis Square Speakers B (lookin fresh)		
Splatoon 2	DJ Real Sole - New You (Ye Olde Cloth Shoppe)		
Splatoon 3	Seven Seas Crew (Dripping with Style) (Ammo Knights)		
Splatoon 3	Seven Seas Crew (Dripping with Style) (Naut Couture)		
Splatoon 3	Seven Seas Crew (Dripping with Style) (Man-o'-Wardrobe)		
Splatoon 3	Seven Seas Crew (Dripping with Style) (Crush Station)		
Splatoon 3	Seven Seas Crew (Dripping with Style) (Hotlantis)		
Splatoon 3	DJ Lee Fish - Lookin' Fresh (Hotlantis)		
Splatoon 3	DJ Real Sole - New You (Hotlantis)		
tracey brakes	perfect to the core (GRIMVVICE REMIX)		
Wii Play	Round Start (Find Mii)		
Wii Play	Extra Tank (Tanks)		
Yakuza 0	Karaoke: Baka Mitai		
2 Mello	Big Beast		
Abelard	☆ＳＥＩＮＷＡＶＥ☆２０００☆ (seinwave) (seinfeld remix)		
AT&T Bell Labs	Fabricated Rhythm		
Blackalicious ft. Saul Williams, Lyrics Born & Zach de la Rocha	Release pt1		
Bomb Rush Cyberfunk	Sebastian Knight - Feel The Funk (Computer Love)		
Cassius	Cassius 99 (Reset! Remix)		
Club 69	Let Me Be Your Underwear (Hot Pants Underground Club)		
CrystalForce	That Jerma Track		
Cyberpunk 2077	Spoon Eater (Rhys Fulber) - Drained		
Cyberpunk 2077	Papito Gringo (David Rolas) - Muélvo (Cumbia)		
Cyberpunk 2077	Private Press - Black Labyrinth		
Cyberpunk 2077	Private Press - GREEEEEENHOUSE		
Drake ft. 21 Savage	Jimmy Cooks pt1		
Friday Night Funkin'	Kawai Sprite - Spookeez		
GLOO	Lamb (everything i touch turns to gold)		
HYD & UMRU & WARPSTR & PETAL SUPPLY	PS2_-_GROUNDBROKEN_FINAL_131.00B.P.M.		
JoJo's Bizarre Adventure: Battle Tendency	Taku Iwasaki - Awaken (Pillar Men Theme)		
JPEGMAFIA	🔥		
JPEGMAFIA	PROTECT THE CROSS pt1		
JPEGMAFIA ft. Buzzy Lee	Don't Put Anything On the Bible pt1		
Kanye West	LOUIE BAGS (CHK!DSK DNB EDIT)		
Katy Perry	E.T.		
Katy Perry ft. Kanye West	E.T.		
KAVARI	Cannibal (Vampire Mix) (kesha - cannibal remix)		
Kavinsky	Testarossa Autodrive (SebastiAn Remix)		
Kendrick Lamar	squabble up		
Lady Gaga ft. Beyoncé	Telephone (Passion Pit Remix)		
Lady Gaga ft. Beyoncé	Telephone (Alphabeat Remix)		
Lady Gaga ft. Beyoncé	Telephone (Kaskade Radio Remix)		
Lady Gaga ft. Beyoncé	Telephone (Ming Radio Remix)		
Machine Girl	うずまき (uzumaki)		
Mastermind	TERMINATE		
Megan Thee Stallion	Thot Shit (Dvnots Remix)		
Melleefresh vs deadmau5	Sex Slave (deadmau5 Make Me Make That Sound Remix)		
M.I.A.	TEQKILLA		
M.I.A.	LOVALOT (love a lot)		
M.I.A.	MEDS AND FEDS (i just give a damn)		
M.I.A.	Borders		
Missy Elliott ft. Pharrell Williams	On & On		
MØ	On & On		
M.O.P.	Ante Up		
N.E.R.D	Breakout (push people)		
N.E.R.D	Waiting For You		
N.E.R.D ft. Lenny Kravitz	Dril Sergeant (i'm not going to war)		
N.E.R.D	Spaz (if you want to)		
N.E.R.D ft. Nelly Furtado	Hot-n-Fun (Starsmith Club Remix)		
N.E.R.D ft. Nelly Furtado	Hot-n-Fun (Boys Noize Remix)		
N.E.R.D ft. Nelly Furtado	Hot-n-Fun (Nero Remix)		
N.E.R.D ft. Nelly Furtado	Hot-n-Fun (Wideboys Club Remix)		
N.E.R.D ft. Nelly Furtado	Hot-n-Fun (Hot Chip Remix)		
Perfume	Edge (Triangle Mix) (⊿ Mix)		
The Presets	Betthoven		
Riot In Belguim	La musique (JBAG's Boomboxed Re-Edit)		
Splatoon 3	Turquoise Octoboer - Mission Clear! (The Crater)		
Splatoon 3	Alterna Shimin Program M-02: Challenge Course (Yūgure no Ofushoa)		
Splatoon 3: Side Order	Free Association - demol1sh		
Splatoon 3: Side Order	Free Association - demoli2h		
Splatoon 3: Side Order	Free Association - d3molish		
Sue DJ, La La Life	ㅤ ᵕ̈✩♬₊˚.BE TRUE (FRAXIOM & FOLIE REMIX)⋆☾⋆⁺₊✧		
Super Mario World	Koji Kondo - Underground Theme		
Super Mario World	Koji Kondo - Castle Theme		
t.A.T.u.	All The Things She Said		
V.I.C.	Wobble		
Zedd ft. Foxes	Clarity (Style Of Eye Remix)		
Ariana Grande	R.E.M.		
Brite Futures (Natalie Portman's Shaved Head)	Sophisticated Side Ponytail		
dltzk	your clothes		
dltzk	search party		
dltzk	champ		
Doechii	FIREFLIES pt1		
Ed Sheeran	Perfect		
Fatboy Slim vs. Fedde Le Grand	Praise You 2009		
Flume	╜φ°⌂▌╫§╜φ°⌂▌╫§╜φ°⌂▌╫§╜φ°⌂▌╫§╜φ°⌂▌		
Green Day	Jesus Of Suburbia pt2		
Hyd χ umru χ warpstr	Groundbreaker χ Breaking Ground〔131ʙᴘᴍ〕		
Jack Ü, Skrillex, Diplo ft. Justin Bieber	Where Are Ü Now (Rustie Remix)		
Katamari Damacy	Asuka Sakai, Katamari Samba-Tai - The Last Samba		
M	Pop Muzik (pop music)		
Malik Yusef ft. Kanye West & Common	Wouldn't You Like To Ride?		
M.I.A.	Sunshowers		
M.I.A.	Boyz (boys) (how many)		
Moola	Squiddy Holly - Chirpy Chips (weezer - buddy holly cover)		
Nadia Oh	Colours (dvnots 2019 edit)		
N.E.R.D	Wonderful Place		
N.E.R.D	Squeeze Me (from The Spongebob Movie: Sponge Out Of Water)		
P.H.F.	LOVE YOURSELF		
Rhythm Heaven	Tsunku♂ - The Dazzles (Love Ooh Ooh Paradise)		
Rhythm Heaven	Tsunku♂ - The Dazzles 2 (Love Ooh Ooh Paradise)		
Rhythm Heaven Fever	Tsunku♂ - Donk-Donk		
Sonic CD	Collision Chaos (Good Future) (JP)		
umru & warpstr	GROUNdBREAKER「DJH RMX」138.00ᵇᵖᵐ		
whoTF, Folie, Forget Basement	FFB part1		
Zedd ft. Foxes	Clarity (Zedd Union Mix)		
12th Planet & Skrillex	father said (tracey brakes ur eardrums cover)		
Aphex Twin	Gwety Mernans		
Arca	????? A pt3 (kinda its a mess)		
Blackalicious ft. Saul Williams, Lyrics Born & Zach de la Rocha	Release pt3		
Britney Spears ft. Madonna	Me Against The Music (Justice Extended Mix)		
Britney Spears	GIMME MORE (SLAYYYTER REMIX)		
Clarence Clarity	even after all that we have been through		
CRUSH / CRUSH3D	City Tutorial 01		
Cyberpunk 2077	Slavoj McAllister (Oneno) - Makes Me Feel Better		
Cyberpunk 2077	D.O.H. Dollahz Ova Hoez - Look Through My Kiroshi's (The Solo Life)		
Daft Punk	Harder, Better, Faster, Stronger (Pete Heller's Style Mix)		
Daft Punk ft. Pharrell Williams, Nile Rodgers	Get Lucky (Daft Punk Remix)		
Destroy Montana	NOOOOSTYLIST〔155.74ʙᴘᴍ〕		
Drake, 21 Savage	Rich Flex pt2		
Expensive Dispenser & CrystalForce	AIN'T NOTHIN' LIKE A FLAT BEAT		
Fraxiom	playlist pt2		
Friday Night Funkin'	Kawai Sprite - Blammed		
Ghost City DJs	My Boo		
Hikaru Utada	Movin' on without you (nothing's gonna stop me)		
Hikari Utada	COLORS		
Jaden Smith	GOKU		
J.I.D.	Off Da Zoinkys		
JPEGMAFIA ft. Tkay Maidza	THE GHOST OF RANKING DEAD!		
JPEGMAFIA	Jordan Rules pt2		
Justice	D.A.N.C.E.		
Justice	D.A.N.C.E. (Live Version)		
Kanye West, Chief Keef, Pusha T, Big Sean & Jadakiss	Don't Like.1		
Kendrick Lamar	Institutionalized pt1		
Kendrick Lamar	tv off (feat. lefty gunplay) pt1 (not enough)		
King Gizzard & The Lizard Wizard	O.N.E.		
Kwame	CLOUDS.		
Life Sim	IDL aamourocean ˇ෴ˇ ♪ ♫ Remix		
M.I.A.	Jimmy		
Nadia Oh	N. A. D. I. A. O. H. (N.A.D.I.A O.H)		
Nick León & Erika de Casier	Bikini (Bok's Dub)		
N.O.R.E.	Superthug		
PewDiePie	bitch lasagna		
Phoenix ft. BENEE & Pusha T	All Eyes On Me (Chad Hugo’s Le Yaca Version)		
Rhythm Heaven Fever	Masami Yone, Shinji Ushiroda, Asuka Ito - Remix 7		
Riot In Belguim	La musique		
samfree ft. GUMI	Megu Megu☆Fire Endless Night		
Shinichi Osawa	Dreamhunt (Version by Rubies)		
Shinigami	Sanguine Paradise (blue)		
Skrillex	Voltage (leak version)		
Skrillex ft. Damian Marley	Make It Bun Dem (Flinch Remix)		
Skrillex with Diplo, G-Dragon from Big Bang and CL from 2NE1	Dirty Vibe (Habstrakt Remix)		
Sonic the Hedgehog 2	Chemical Plant Zone		
Soulwax	NY Excuse (Max Pask Remix)		
System Of A Down	Radio/Video		
Travis Scott ft. Drake	Sicko Mode pt2		
Tyler, The Creator	Sticky pt2		
underscores & Gabby Start	LOANSHARKS_(UMRU,_HELVETICAN_&_HIMERA_TRANCE_ACID_EUPHORIAMIX_2009) --www.Kazaa.com--		
Wu-Tang Clan	C.R.E.A.M.		
Young Franco, Tkay Maidza ft. Nerve	Real Nice (H.C.T.F.) (here come the future)		
⣎⡇ꉺლ༽இ•̛)ྀ◞ ༎ຶ ༽ৣৢ؞ৢ؞ؖ ꉺლ (Four Tet)	ʅ͡͡͡͡͡͡͡͡͡͡͡(ƟӨ)ʃ͡͡͡͡͡͡͡͡͡͡ ꐑ(ཀ ඊູ ఠీੂ೧ູ࿃ूੂ✧✧✧✧✧✧ළඕั࿃ूੂ࿃ूੂ		
⣎⡇ꉺლ༽இ•̛)ྀ◞ ༎ຶ ༽ৣৢ؞ৢ؞ؖ ꉺლ (Four Tet)	ੂ࿃ूੂළඕั✧✧ı̴̴̡ ̡̡͡|̲̲̲͡ ̲̲̲͡͡π̲̲͡͡ ɵੂ≢࿃ूੂ೧ູఠీੂ ඊູཀ ꐑ(ʅ͡͡͡͡͡͡͡͡͡͡͡(ƟӨ)ʃ͡͡͡͡͡͡͡͡͡͡		
2 Mello	Rock the Beat!		
Billie Eilish	Halley's Comet pt2		
Cali Cartier	Vampire		
Cornelius	Mic Check		
Disclosure ft. Sinéad Harnett	Boilling (i need your love)		
dltzk	misplace		
dltzk	pretender		
dltzk	buzzcut, daisy		
EASYFUN ft. Iiris	Be Your USA		
Frou Frou	Shh 🤫 umru & warpstr good feeling 🤫 131ʙᴘᴍ		
Frou Frou	Maddening Sound		
G.R.L.	Vacation (with someone new)		
G.R.L.	Ugly Heart (ok you're pretty)		
Jack Ü, Skrillex, Diplo ft. Justin Bieber	Where Are Ü Now (Ember Island Remix)		
Jet Set Radio	Hideki Naganuma - Rock It On		
Jet Set Radio	Hideki Naganuma - Rock It On (D.S. Remix)		
Justice	B.E.A.T.		
Justice ft. RIMON	Afterimage (Laurence Guy Remix)		
Katamari Damacy	Yū Miyake, Yuusama - Katamari Nah-Nah (Amx) (nanana)		
Lego Racers	Track 02 (High Voltage Software ident)		
Love Live!	μ's - Snow halation		
Naughty By Nature	O.P.P		
Pokémon Red and Blue	Hurry Along		
Poney Poney	A.M. Music		
Rhythm Heaven	Masami Yone - Big Rock Finish A		
Rhythm Heaven	Tsunku♂ - Remix 7		
Rhythm Heaven Fever	Tsunku♂ - Hole in One		
Rhythm Heaven Fever	Tsunku♂ - Figure Fighter		
Rhythm Heaven Fever	Tsunku♂ - Catch of the Day		
Rhythm Heaven Fever	Masami Yone, Shinji Ushiroda, Asuka Ito - Remix 6		
Rhythm Heaven Fever	Masami Yone, Shinji Ushiroda, Asuka Ito - Menu (Rhythm Toys)		
Rhythm Heaven Fever	Tsunku♂ - The Clappy Trio		
Roxette	She's Got The Look		
Sonic the Hedgehog 2	Wing Fortress Theme		
Sonic Rush	Hideki Naganuma - Right There, Ride On		
Splatoon	Plaza Speakers F		
Splatoon 2	Visiting Inkopolis Square		
Splatoon 3	SashiMort - Amalgamania		
Splatoon 3	Deep Cut - Anarchy Splatcast (Splatfest)		
Stereolab	Refractions in the Plastic Pulse pt2		
Super Mario Sunshine	Isle Delfino (delfino plaza)		
Tyler, The Creator ft. Aaron Shaw, Samantha Nelson & Austin Feinstein	2SEATER pt2 (hair blows)		
UA	お茶		
Wii Play	Intro (Charge!)		
⣎⡇ꉺლ༽இ•̛)ྀ◞ ༎ຶ ༽ৣৢ؞ৢ؞ؖ ꉺლ (Four Tet)	✧₊⁎❝᷀ົཽ*ೃƪ❍⊁ƪ❍⊁༽ৣৢ؞ৢ؞ؖ ཥ		
2 Mello	Old to the New		
2 Mello ft. TV-MA	Rapid Crew (Can't Move Me) pt3		
Arca	Self Defence		
The Avalanches	Subways (some to A#dr) (remix??? this is wrong)		
Beats International (and Norman Cook)	Dub Be Good To Me		
Billie Eilish	BLUE pt2		
Black Mirror	Miley Cyrus - Ashley O - On A Roll		
Boys Noize	& Down (Siriusmo vs Boys Noize Remix)		
BROCKHAMPTON	I.F.L.		
Clarence Clarity	Naysayer, Magick Obeyer pt2		
Coldplay	O		
CRUSH / CRUSH3D	City Tutorial 03		
CRUSH / CRUSH3D	City 03		
CRUSH / CRUSH3D	City Middle		
CRUSH / CRUSH3D	Funfair 02		
CRUSH / CRUSH3D	Funfair 02 (B)		
CRUSH / CRUSH3D	Funfair 03 (B)		
CRUSH / CRUSH3D	Funfair End		
Crystal Castles	Courtship Dancing		
Cyberpunk 2077	Private Press - Skin<>Drifter - Undertow Velocity		
Cyberpunk 2077	Private Press - DEEEEEEP		
Cyberpunk 2077	Mr. Kipper (Idris Elba) - Rolla (rollercoaster)		
Cybotron	Clear (Gphr-40		
Daft Punk	On/Off (ATOM Remix)		
Damian "Jr. Gong" Marley	Welcome To Jamrock		
deadmau5	Sex, Lies, Audio Tape		
Dennibro	My Name is Jeff [Trap Remix]		
Fatboy Slim	Rockafeller Skank (Mulder's Urban Takeover Mix)		
Fortnite	Epic Games - Switch Up		
Fortnite	Epic Games - Take Me Higher		
Fortnite	Epic Games - Show Them Who We Are		
Fortnite	Epic Games - Run It pt2		
Fred again.. KAMILLE	Kammy (like i do)		
Fred again.., Wet	Kelly (end of a nightmare) pt1		
Friday Night Funkin'	Kawai Sprite - Fresh (Chill Mix)		
Grand Theft Auto: San Andreas	Theme from San Andreas		
Gupi & Fraxiom	Thos Moser (FOXSKY Remix)		
Gupi & Fraxiom	Thos Moser (Camino 84 Disco Bootleg)		
Hikaru Utada	Simple And Clean (PLANETb Remix)		
Jet Set Radio	Deavid Soul - On the Bowl (A.Fargus Remix)		
Kai Whiston ft. Pussy Riot	Q		
Lady Gaga	Abracadabra (moistbreezy Remix)		
The Legend of Zelda: Ocarina of Time	Koji Kondo - Potion Shop		
The Legend of Zelda: Ocarina of Time	Koji Kondo - Water Temple		
The Legend of Zelda: Breath of the Wild	Hinox Battle		
Los & DJ SWISHA ft. Kush Jones	Crazy Frog		
Mac Miller	Self Care pt1		
Machine Girl	覆面調査員 (GabberTrap Mix)		
Madonna	Music		
Mega Shinnosuke	お洒落すぎてどうしよう		
Musiq Soulchild	Radio		
N.E.R.D	She Wants To Move (Justice Remix)		
N.E.R.D	Anti Matter (ADHD)		
No More Heroes	N.M.H.		
Ollie King	Hideki Naganuma - The Concept of Love (The Concept of Passion Mix)		
OutKast	War pt1 (tick tick boom)		
PinkPantheress	Another Life (Himera Remix)		
Play Paul	Spaced Out 2		
Puff Daddy ft. The Notorious B.I.G., Lil' Kim, The LOX, Tommy Stinson, Fuzzbubble, Rob Zombie, & Dave Grohl	It's All About The Benjamins (Rock Remix)		
Rhythm Heaven Fever	Tsunku♂ - Remix 2		
Rhythm Heaven Fever	Tsunku♂ - Love Rap (into you)		
Rhythm Heaven Fever	Tsunku♂ - Karate Man (Lonely Storm)		
Rhythm Heaven Fever	Masami Yone, Shinji Ushiroda, Asuka Ito - Cast		
Rhythm Heaven Fever	Tsunku♂ - Karate Man 2 (Lonely Storm)		
S Club 7	Don't Stop Movin'		
schmoyoho	BED INTRUDER SONG!!! (hide your kids, kide your wife)		
Shinichi Osawa	Maxmum Joy (maximum)		
Soulwax	E Talking (any minute now version)		
Soulwax	E Talking (nite versions version)		
Splatoon	Octo Valley (Area 3)		
Splatoon	Octo Valley (Area 4)		
Splatoon	Octo Valley (Area 5)		
Splatoon 2	Off the Hook - Opening (FrostyFest)		
Splatoon 2: Octo Expansion	Abandoned Station		
Splatoon 2: Octo Expansion	Off the Hook - New Majesty		
Star Wars: Return of the Jedi	Max Rebo Band - Lapti Nek (Club Mix)		
Super Mario Sunshine	Mario on Trial		
Super Mario Sunshine	Boss Battle		
Trans Volta	Disco Computer / You're Disco		
Travis Scott	STARGAZING pt1		
Travis Scott ft. Drake	Sicko Mode pt1		
Travis Scott	MY EYES pt1		
Travis Scott ft. Drake	MELTDOWN pt1		
Troye Sivan	Got Me Started (Bag Raiders Remix)		
Tyler, The Creator ft. Aaron Shaw, Samantha Nelson & Austin Feinstein	2SEATER pt1		
Unghetto Mathieu	Hi		
Vivienne Tovich	Le Dernier Jour...		
Vivienne Tovich	Enfants du Futur		
X&G	Like It		
A. G. Cook ft. Sarah Bonito & Hannah Diamond	The Darkness (Megamix) pt3		
A$AP Rocky ft. Moby	A$AP Forever pt 2		
The Avalanches	Solitairy Ceremonies		
Bo Burnham	New Math		
Camila Cabello	B.O.A.T.		
Florida Georgia Line	H.O.L.Y.		
Fred Astaire	I Won't Dance (1952 version)		
Friday Night Funkin'	Kawai Sprite - Breakfast (Pause Menu)		
Froyo	Chu		
Hikaru Utada	光 (light)		
Jet Set Radio Future	Hideki Naganuma - That's Enough (B.B. Rights Mix)		
JoJo Siwa	D.R.E.A.M.		
M.I.A.	IT TAKES A MUSCLE		
M.I.A.	INTERNET CONNECTION (crashed the game last night)		
Neil Cicierega	Potter Puppet Pals: Mysterious Ticking Noise		
Rhythm Heaven	Tsunku♂ - Game Select 2		
Rhythm Heaven Fever	Tsunku♂ - Built to Scale		
Rhythm Heaven Fever	Tsunku♂ - Launch Party		
Rhythm Heaven Fever	Tsunku♂ - Built to Scale 2		
Rhythm Heaven Fever	Tsunku♂ - Read Something		
Shinichi Osawa	Push (Tronik Youth Remix)		
Skrillex, Poo Bear	Would You Ever (Branches & Charlie Klarsfeld Remix)		
Splatoon 2	Inkopolis Square Speakers C (happy little workers)		
Splatoon 2	Grizzco Industries - Salmon Run Success Jingle		
Super Mario Odyssey	Forgotten Isle (Lost Kingdom) (11/16)		
umru, emotegi, Aj simons	losin my mind (emotgi, acounta & ro500 Remix)		
The Young Punx	Interplanetary (Carpenters - Calling Occupants Of Interplanetary Craft remix)		
⣎⡇ꉺლ༽இ•̛)ྀ◞ ༎ຶ ༽ৣৢ؞ৢ؞ؖ ꉺლ (Four Tet)	ɵੂ≢࿃ूੂ೧ູఠీੂ؞ؙؖ⁽⁾ا҉҈҉҈҉҈҉҈҉҈҉҈҉҈҉҈҉҈҉҈҉҈҉҈҉		
2 Mello	Reach Out		
2 Mello	Rapid Crew (Can't Move Me) pt1		
3D Pinball: Space Cadet	main theme		
BabyTron	100 Bars pt1		
Beyoncé	BREAK MY SOUL (will.i.am Remix)		
Billie Eilish	yssmiac		
Charlie Puth & Kehlani	Hotline Bling (Autolaser & PLS&TY Remix)		
Crusher-P ft. Gumi English	Echo		
Cyberpunk 2077	Mr. Kipper (Idris Elba) - Walk Of Shame		
Cyberpunk 2077	Private Press - Liquid Disco		
Ellie Goulding	Lights (Bassnectar Remix)		
fka twigs	oh my love (gumstep mix)		
glass beach	(FOREVER!!!!!!!!!) (WOW OK Remix)		
GLOO	Maü Shit (mau shit)		
Herve Pages & Diplo ft. Chari XCX	Spicy		
JPEGMAFIA x Danny Brown	Garbage Pail Kids		
Justice ft. RIMON	Afterimage (Jersey Remix)		
Lady Gaga	Applause (Sim Gretina Remix)		
Linkin Park	By_Myslf (Josh Abraham and Mike Shinoda Reanimation) (by myself remix)		
M.I.A.	10 Dollar		
M.I.A.	STORY TO BE TOLD		
M.I.A.	Popular		
Milkfish, Drake & The Matrix 4	𝙸 𝙰𝙼 𝙸𝙽 𝚃𝙷𝙴 𝙼𝙰𝚃𝚁𝙸𝚇 𝙰𝙽𝙳 𝙸 𝙹𝚄𝚂𝚃 𝚃𝙾𝙾𝙺 𝚃𝙷𝙴 𝙱𝙻𝚄𝙴 𝙿𝙸𝙻𝙻		
N.E.R.D	Time For Some Action		
N.E.R.D	Happy		
N.E.R.D	You Know What		
Nirvana	Radio Friendly Unit Shelter		
NWA	Fuk Da Police		
The Presets	Talk Like That (Dave Spoon Televised Mix)		
The Prodigy	Voodoo People (G#phr) (Mothership Loudspeakerz Remix)		
Rhythm Heaven	Masami Yone - Big Rock Finish D		
Rhythm Heaven Fever	Masami Yone, Shinji Ushiroda, Asuka Ito - Endless Remix		
Sakurazaka46	承認欲求		
SebastiAn ft. M.I.A.	C.T.F.O. (chill the fuck out)		
SOPHIE	L.O.V.E.		
SOPIE	Is It Cold In The Water? (Flume & Eprom Remix)		
Splatoon 3	Splatsville Tour		
Steve Lacy ft. Fousheé	Sunshine pt1		
Sucker Punch	Uffie ft. Mattie Safer - Illusion Of Love (Fred Falke Remix)		
TLC	No Scrubs (Todd Edwards Album Dub)		
Tyler, The Creator	DOGTOOTH		
underscores	Headlock, originally by Imogen Heap		
UNDERTALE	Toby Fox - Dating Tense!		
UNDERTALE	Toby Fox - Spoktune		
The Veronicas	Untouched (Eddie Armador Remix)		
Wynter Gordon	Dirty Talk (no angel)		
The Young Punx	Your Music Is Killing Me (Olav Basoki Mix)		
The Young Punx	Your Music Is Killing Me (Don Diablo Mix)		
Andor	Niamos! (Coruscant Lounge Mix)		
Animal Crossing: New Horizons	11PM		
Ano	Chu,Tayousei. (「ちゅ、多様性。」)		
Billie Eilish	Halley's Comet pt1		
brakence	argyle (i just wanna be dead)		
BROCKHAMPTON	M.O.B.		
Charli XCX	B2B (DJ Woe Remix)		
DELTARUNE Chapters 3+4	Toby Fox - Query?		
dltzk	let's go home		
Fortnite	Epic Games - Winterfest Wish		
The Legend of Zelda: Ocarina of Time	Koji Kondo - Inside The Deku Tree		
Live	Lightning Crashes		
Minecraft	C418 - Ward pt2		
N.E.R.D	Sooner or Later (it's over, leave it)		
Rhythm Heaven	Tsunku♂ - Remix 4		
Rhythm Heaven	Masami Yone - Big Rock Finish B		
Rhythm Heaven Fever	(Masami Yone, Shinji Ushiroda, Asuka Ito - Remix 1		
Rhythm Heaven Fever	Masami Yone, Shinji Ushiroda, Asuka Ito - Lady Cupid		
Sonic Adventure 2	Crush 40 - Escape From the City (City Escape)		
Sonic Rush	Hideki Naganuma - Jeh Jeh Rocket		
Super Mario Sunshine	Casino Fanfair		
Tyler, The Creator ft. Kali Uchis and Austin Feinstein	PERFECT (video version)		
Youth Group	Forever Young (alphaville cover)		
Gessafelstein	Perfection		
Rhythm Heaven	Tsunku♂ - Coin Toss (SFX)		
Rhythm Heaven	Tsunku♂ & Masami Yone - Remix 10		
