score	how	flag	export_artist	export_title	url	track_title	track_artist
0.830	gathered		27.FUCKDEMONS	Pierwszy raz naprawdę (CYBERPUNK 2077)	https://soundcloud.com/micha-pro-460654323/27fuckdemons-pierwszy-raz-naprawde	OLO Y (27.Fuckdemons) - Pierwszy raz naprawdę	Cyberpunk 2077
0.850	gathered		Drake Ft J Cole	First Person Shooter (Fast)	https://soundcloud.com/zaydrix-drixx/drake-ft-j-cole-first-person	First Person Shooter pt2	Drake ft. J. Cole
0.850	gathered		Tyler, The Creator	BLOW MY LOAD (feat. Wanya Morris, Dâm-Funk, Austin Feinstein & Sydney Bennett)	https://soundcloud.com/yeye-o-o-0-10/blow-my-load-feat-wanya-morris	BLOW MY LOAD pt2	Tyler, The Creator ft. Wanya Morris, DaM-FunK, Austin Feinstein & Sydney Bennett
0.850	gathered		JPEGMAFIA	TIRED, NERVOUS & BROKE!	https://soundcloud.com/jpegmafia/jpegmafia-elpee-14-tired-nervous-broke	TIRED, NERVOUS & BROKE! pt1	JPEGMAFIA
0.850	gathered	version	Future ft Drake	Life is good (instrumental)	https://soundcloud.com/user-412335318/future-ft-drake-life-is-good	Life Is Good pt1	Future ft. Drake
0.850	gathered		Oli XL	Go Oli Go!	https://soundcloud.com/oli_xl/go-oli-go	Go Oli Go! (Gphr) pt1	Oli XL
0.860	gathered		Tom Schley	The Stanley Parable: Ultra Deluxe OST — Good Job, You Did It!	https://soundcloud.com/just_a_draft/the-stanley-parable-ultra-8	Tom Schley - The Stanley Parable 2	The Stanley Parable: Ultra Deluxe
0.860	gathered		Happy Little Workers	Grizzco Industries (Salmon Run) - Splatoon 2 Official Soundtrack	https://soundcloud.com/user-550331963/happy-little-workers-grizzco-industries-salmon-run-splatoon-2-official-soundtrack	Grizzo Industries - Happy Little Workers	Splatoon 2
0.880	gathered	version	The Young Punx	Young and Beautiful (Laurent Konrad Edit)	https://soundcloud.com/theyoungpunx/young-and-beautiful-laurent-2	Young and Beautiful (Laurent Konrad Mix)	The Young Punx
0.885	gathered		Pharrell & The Yessirs	Keep It Playa (ft Slim Thug)	https://soundcloud.com/k206/pharrell-the-yessirs-6-keep-it	Keep It Playa (player)	Pharrell Williams ft. Slim Thug
0.885	gathered		Dom McLennon	Morning Glow (Ft. Nicholas Mangiafico)	https://soundcloud.com/bomb-rush-cyberfunk-ost/dom-mclennon-morning-glow-ft-nicholas-mangiafico	Doc McLennon ft. Nicholas Mangiafico - Morning Glow	Bomb Rush Cyberfunk
0.885	gathered		Pharrell & The Yessirs	You Can Do It Too (ft Jamie Cullum)	https://soundcloud.com/k206/pharrell-the-yessirs-5-you-can	You Can Do It Too (don't be afraid to look up at the sky)	Pharrell Williams ft. Jamie Cullum
0.900	gathered		Yuri Misumi, Nobue Matsubara & Sakamoto-chan	katamari mambo ~ Katamari Syndrome mix	https://soundcloud.com/katamariislife/katamari-mambo-katamari	Yuri Misumi, Nobue Matsubara & Sakamoto-Chan - Katamari Mambo [Katamari Syndrome Re-mix]	Katamari Damacy
0.900	gathered		Oneohtrix Point Never	NOBODY HERE	https://soundcloud.com/oneohtrix-point-never/nobody-here	nobody here	sunsetcorp / Oneohtrix Point Never
0.900	gathered		Christine and the Queens, Caroline Poalchek, A. G. Cook	La vita nuova (A. G. Cook Remix Edit)	https://soundcloud.com/th-gh-ss/christine-and-the-queens-and	La vita nuova (A. G. Cook Remix Edit)	Christine and the Queens and Caroline Polachek
0.900	gathered		Six Sex, MCR-T	Bitches like me	https://soundcloud.com/sixsex/bitches-like-me	Bitches like me	Six Sex Prod. MCR-T
0.980	gathered		Marcin Przybylowicz	Marcin Przybylowicz - Wushu Dolls (Cyberpunk 2077)	https://soundcloud.com/sonderistic/07-marcin-przybylowicz-wushu-dolls-cyberpunk-2077	Marcin Przybyłowicz - V	Cyberpunk 2077
0.980	gathered		P.T. Adamczyk	P.T. Adamczyk - Мусорщики (Cyberpunk 2077)	https://soundcloud.com/sonderistic/09-p-t-adamczyk-cyberpunk-2077	P.T. Adamczyk - Мусорщики	Cyberpunk 2077
0.980	gathered		Swim Free	Epic Games	https://soundcloud.com/lgmbrydan/swim-free-epic-games	Epic Games - SWIM FREE	Fortnite
0.980	gathered		ryanplindquist	The Lonely Island Like A Boss	https://soundcloud.com/ryanplindquist/the-lonely-island-like-a-boss	Like A Boss	The Lonely Island ft. Seth Rogen
0.980	gathered		Iwillbebach	Ludwig van Beethoven, Für Elise	https://soundcloud.com/iwillbebach/fu-r-elise	Für Elise	Ludwig van Beethoven
0.980	gathered		Tsunku, Masami Yone, Shinji Ushiroda, and Asuka Ito	Rhythm Heaven Fever	https://soundcloud.com/sens_belowstory/cafe-rhythm-heaven-fever	Masami Yone, Shinji Ushiroda, Asuka Ito - Perfect	Rhythm Heaven Fever
0.980	gathered		An Imaginal Space	The Shining Opening Theme by Wendy Carlos and Rachel Elkind [An interpretation]	https://soundcloud.com/an-imaginal-space/the-shining-opening-theme	Wendy Carlos and Rachel Elkind - The Shining	The Shining
0.980	gathered		SolCalibre™	Entropical - SashiMori	https://soundcloud.com/sol64/splatoon-2-entropical-sashimori	SashiMori - Entropical	Splatoon 2
0.980	gathered		The Cursed Needle	Splatoon 2 Octo Expansion OST The Plan	https://soundcloud.com/cursed-needle-22575595950/splatoon-2-octo-expansion-ost-the-plan	The Plan (Final Fest Announcement)	Splatoon 2
0.980	gathered		Color Pulse (2024)	Off The Hook (Splatoon 3)	https://soundcloud.com/pvz-dood/color-pulse-2024-off-the-hook	Off the Hook - Color Pulse (2024)	Splatoon 3
0.980	gathered		Sativa Dreams	Andrew Jackson Jihad- Personal Space Invader	https://soundcloud.com/8yearoldsdude/andrew-jackson-jihad-personal	Personal Space Invader	Andrew Jackson Jihad
0.980	gathered		Underground Theme	New Super Mario Bros. Wii	https://soundcloud.com/spryzen-edits/underground-theme-new-super-mario-bros-wii	Underground Theme	New Super Mario Bros. Wii
0.980	gathered		Barely Bits	Poké Flute (From "Pokémon Red & Blue") (Lofi)	https://soundcloud.com/barelybits/poke-flute-from-pokemon-red	Poké Flute	Pokémon Red and Blue
0.980	gathered		Masami Yone	Rhythm Heaven	https://soundcloud.com/japedaw4archive/lets-practice-rhythm-heaven	Masami Yone - Perfect	Rhythm Heaven
0.980	gathered		Bon Bon	Mr. Grizz Appears (Splatoon 3 OST)	https://soundcloud.com/user-898497435-433049932/mr-grizz-appears-splatoon-3	Grizzo - Mr. Grizz Appears	Splatoon 3
0.980	gathered		Staff Credits	Super Mario Sunshine	https://soundcloud.com/kevinrios1342/staff-credits-super-mario	Staff Credits	Super Mario Sunshine
0.980	gathered		Lbjreturn	Crazy cap Shop-Super Mario Odyssey(Part 1)	https://soundcloud.com/user-90338625/crazy-cap-shop-super-mario-4	Crazy Cap 1	Super Mario Odyssey
0.980	gathered		|| • Obsolete Meat / オブソミート	32ki ft. HATSUNE MIKU & KASANE TETO SV • ||	https://soundcloud.com/steff-ocbina/o-obsolete-meat-ft-hatsune	Obsolete Meat	32ki ft. Hatsune Miku & Kasane Teto
0.980	gathered	version	Disclosure	You And Me Ft. Eliza Doolittle (Ryan Summer vs. Flume Bootleg)	https://soundcloud.com/ryansummermusic/disclosure-you-and-me-ft-eliza-doolittle-ryan-summer-vs-flume-bootleg	You & Me	Flume ft. Eliza Doolittle
0.980	gathered		Radio Corujao Team	The Presidents Of The USA   Lump	https://soundcloud.com/corujaoteam/the-presidents-of-the-usa-lump	Lump	Presidents of the USA
0.980	gathered		Interlocked	Danny L Harle & Dj Mayhem ( LIL KING RMX)	https://soundcloud.com/lil-king-png/interlocked-danny-l-harle-dj	Interlocked	Danny L Harle, DJ Mayhem
0.980	gathered		death	Deep cut- Anarchy Splatcast (Big Run) splatoon 3 OST	https://soundcloud.com/user-783550704/deep-cut-anarchy-splatcast-big	Deep Cut - Anarchy Splatcast	Splatoon 3
0.980	gathered		Underwater Theme	New Super Mario Bros. Wii	https://soundcloud.com/spryzen-edits/underwater-theme-new-super-mario-bros-wii	Underwater Theme	New Super Mario Bros. Wii
0.980	gathered		Lbjreturn	Crazy cap Shop-Super Mario Odyssey(Part 3)	https://soundcloud.com/user-90338625/crazy-cap-shop-super-mario-2	Crazy Cap 3	Super Mario Odyssey
0.980	gathered		Ba-da-Ba	2 Mello	https://soundcloud.com/bmw-m3-gtr-2001/ba-da-ba-2-mello	Ba-Da-Ba	2 Mello
0.980	gathered		Lofied	Brasso (from "Andor Season 2") (Lofi Version)	https://soundcloud.com/lofied-music/brasso-from-andor-season-2	Brasso (niamos)	Andor
0.980	gathered		David Coulter + Thomas Bloch	Elephant Man Theme (Variation on Carnival, composed by John Morris for David Lynch's Elephant Man)	https://soundcloud.com/davidcoulter/elephant-man-theme-variation-on-carnival-composed-by-john-morris-for-david-lynchs-elephant-man	John Morris - The Elephant Man Theme	The Elephant Man
0.980	gathered		Haunted	Mansion - New - Super - Mario - Bros	https://soundcloud.com/daxmynz/haunted-mansion-new-super-mario-bros	Haunted Mansion	New Super Mario Bros.
0.980	gathered		Desert Theme	New Super Mario Bros. Wii	https://soundcloud.com/spryzen-edits/desert-theme-new-super-mario-bros-wii	Desert Theme	New Super Mario Bros. Wii
0.980	gathered		Crisis City	Sonic The Hedgehog 2006 (All Parts)	https://soundcloud.com/dan-talbott/crisis-city-sonic-the-hedgehog-2006-all-parts	Crisis City	Sonic The Hedgehog (2006)
0.980	gathered		Octo Canyon	Sector 2 (Suction - Cup Lookout) [Turquoise October] - Splatoon 2 Music Extended	https://soundcloud.com/user-76948032/octo-canyon-sector-2-suction-cup-lookout-turquoise-october-splatoon-2-music-extended	Turquoise October - Octo Canyon (Suction-Cup Lookout)	Splatoon 2
0.980	gathered		Hyper Driver	Anxiety Society | Splatoon 3 OST	https://soundcloud.com/takiyako/hyper-driver-anxiety-society-splatoon-3-ost	Anxiety Society - Hyper Driver	Splatoon 3
0.980	gathered		Nintendo Man	Battle With Wart (Super Mario Bros. 2) (March Madness  Final Boss Area Themes Remastered)	https://soundcloud.com/user-42255021/battle-with-wart-super-mario-bros-2-march-madness-final-boss-area-themes-remastered	Final Boss Wart	Super Mario Bros. 2
0.980	gathered		JoshFromTuesday	Vib-Ribbon Music: Title Screen (HIGH QUALITY)	https://soundcloud.com/joshfromtuesday/vib-ribbon-music-title-screen	title screen	Vib-Ribbon
0.980	gathered		Tim Berg	Seek Bromance (Avicii's Intro Mix)	https://soundcloud.com/aviciigreece/seek-bromance-intro-mix	Seek Bromance	Avicii
0.980	gathered		wesley vlad	Smile.dk Butterfly	https://soundcloud.com/wesley-vlad/smile-dk-butterfly	Butterfly	SMiLE.dk
0.980	gathered		chillNES	jigglypuff's song (from pokemon red & blue) [lofi]	https://soundcloud.com/chillnes/jigglypuffs-song-from-pokemon	Jigglypuff's Song	Pokémon Red and Blue
0.980	gathered		User 632308099	Cyberpunk 2077 Resist And Disorder By Rezodrone Jason Charles Miller The Cartesian Duelists	https://soundcloud.com/user-632308099/cyberpunk-2077-resist-and	The Cartesian Duelists (Rezodrone) - Resist And Disorder (everything burns)	Cyberpunk 2077
0.980	gathered	version	NOi5E Ⅱ	Hikaru Utada / Time Will Tell ONIES MASHUP RMX	https://soundcloud.com/noi5e-ii/hikaru-utada-time-will-tell	Time	Hikaru Utada
0.980	gathered		PPtrap	Emamouse	https://soundcloud.com/plushy-mario/pptrap-emamouse	Emamouse - Pptrap	itemLabel
0.980	gathered		MusicIsLifeeee	Shoes-Kelly	https://soundcloud.com/amazingnessx3/shoes-kelly	Shoes	Kelly
0.980	gathered		burdlesnurdle	I'm A Textpert (Rap Battle)- Rhett And Link	https://soundcloud.com/burdlesnurdle/textpertrl	I'm a Textpert	Rhett & Link
0.980	gathered		The Cursed Needle	Splatoon 2 Octo Expansion OST Actually It's Commander Tartar's Theme	https://soundcloud.com/cursed-needle-22575595950/splatoon-2-octo-expansion-ost-actually-its-commander-tartars-theme	Actually It's Commander Tartar's Theme	Splatoon 2: Octo Expansion
0.980	gathered		Rosy-senpai	Mission Complete Splatoon 3 OST	https://soundcloud.com/rosy_senpai/mission-complete-splatoon-3-ost	Mission Complete! (Alterna)	Splatoon 3
0.980	gathered		Kendrick Lamar, B.O.B, T.I	Memories Back Then (Ft. Kris Stephens) (zanjero mix)	https://soundcloud.com/rubikku/kendrick-lamar-b-o-b-t-i	Memories Back Then	T.I. ft. B.o.B., Kendrick Lamar, Kris Stephens
0.980	gathered		HOT WIND BLOWS	Tyler, the creator (Ft. Lil Wayne) +[Alternative Intro by Penny Goodwin]	https://soundcloud.com/attedosa/slow-hot-wind-blows	HOT WIND BLOWS	Tyler, The Creator ft. Lil Wayne
0.980	gathered		Toby Fox	UNDERTALE Soundtrack - 100 MEGALOVANIA	https://soundcloud.com/angrysausage/toby-fox-undertale	Megalovania	Undertale
0.980	gathered		Saint!	Playboi Carti-2024 prod. ojivolta, earlonthebeat, and Kanye West (SPEED UP) BY ST.FRENCHES!	https://soundcloud.com/stfrenches0/playboi-carti-2024-prod-ojivolta-earlonthebeat-and-kanye-west	2024	Playboi Carti prod. ojivolta, earlonthebeat, and Kanye West
0.980	gathered		Three Wishes	NOW OR NEVER SEVEN ( Splatoon 3 Grand Festival )	https://soundcloud.com/slaysistersslay/three-wishes	The Now or Never Seven - Three Wishes	Splatoon 3
0.980	gathered		konra	ONLY SON By Konrad OldMoney Feat 37 Heartbreak & ChickyChickas	https://soundcloud.com/user-346329252/cyberpunk-2077-soundtrack-only-son-by-konrad-oldmoney-feat-37-heartbreak-chickychickas	ChickyChickas (Konrad OldMoney ft. 37 Heartbreak) - Only Son (D#phr) (demons all over my body)	Cyberpunk 2077
0.980	gathered		Sans Lalonde	ReDoin  (JerryTerry)	https://soundcloud.com/sans-lalonde-892914053/redoin-jerryterry	ReDoin (hhgregg christmas in july)	JerryTerry
0.980	gathered		kaleb	Mario Kart 8 Deluxe- Online spectator theme extended	https://soundcloud.com/kaleb-ronan/mario-kart-8-deluxe-online	Online Spectator	Mario Kart 8 Deluxe
0.980	gathered		SolCalibre™	Spicy Calamari Inkantation - Squid Sisters (Final Boss Phase 3)	https://soundcloud.com/sol64/splatoon-2-spicy-calamari-inkantation-squid-sisters-final-boss-phase-3	Squid Sisters - Spicy Calamari Inkantation (Final Fest)	Splatoon 2
0.980	gathered		Pop ‘N’ Schlock	Chroma Chaos (Splatoon 3 OST) (Lobby Music)	https://soundcloud.com/koyora103/pop-n-schlock-chroma-chaos	Chroma Chaos - Pop 'n' Schlock	Splatoon 3
0.980	gathered		evanie / team pt1	brockhampton	https://soundcloud.com/rainchecks/evanie-brockhampton	TEAM pt1	BROCKHAMPTON
0.980	gathered		I Just Had Sex [ NightCore]	Akon ft Lonely Island	https://soundcloud.com/minh-nguy-n-108/i-just-had-sex-nightcore-akon-ft-lonely-island	I Just Had Sex	The Lonely Island ft. Akon
0.980	gathered		Versus	Results - Screen - New - Super - Mario - Bros	https://soundcloud.com/daxmynz/versus-results-screen-new-super-mario-bros	Versus Results Screen	New Super Mario Bros.
0.980	gathered		koreykeat	Tyler The Creator- See You Again ft Kali Uchis	https://soundcloud.com/korey-keat/tyler-the-creator-see-you	SEE YOU AGAIN	Tyler, The Creator ft. Kali Uchis
0.980	gathered		TopDollarPR	Unforgotten (Halo 2 Original Soundtrack Volume 2) Composed by Martin O'Donnell and Michael Salvatori	https://soundcloud.com/topdollarpr/sumthing_else_music_works_halo2_vol2_unforgotten	Michael Salvatori - Halo	Halo
0.980	gathered		The Name's Bond... James Bond 007	Casino Royale (Theme by David Arnold)	https://soundcloud.com/jean-loup-legros/the-names-bond-james-bond-007-casino-royale-theme-by-david-arnold	David Arnold - The Name's Bond... James Bond	James Bond: Casino Royale
0.980	gathered		엠라이트Franziska's waifu	JoJo's Bizarre Adventure Opening 10 Full Song『STONE OCEAN』by ichigo	https://soundcloud.com/mesprits-waifu/jojos-bizarre-adventure	ichigo - STONE OCEAN	JoJo's Bizarre Adventure: Stone Ocean
0.980	gathered		Pablo (Ft. Travis Scott, Future & Marilyn Manson)	Kanye West (Leak)	https://soundcloud.com/user-614368667/pablo-ft-travis-scott-future-marilyn-manson-kanye-west-leak	Pablo	Kanye West ft. Travis Scott
0.980	gathered		N.E.R.D.	Lil' Suzy (feat. Kelis)	https://soundcloud.com/nerd/lil-suzy-feat-kelis	Lil' Suzy	N.E.R.D, Kelis
0.980	gathered	version	Rock Star	Jason Nevins' Club Blaster edit (N.E.R.D)	https://soundcloud.com/spine-h/rock-star-jason-nevins-club-3	Rock Star	N.E.R.D, Jason Nevins
0.980	gathered		N.E.R.D.	Jump (feat. Benji Madden & Joel Madden)	https://soundcloud.com/nerd/jump-clean-version-feat-joel	Jump (i don't care now)	N.E.R.D ft. Benji Madden, Joel Madden
0.980	gathered		Tower Theme	New Super Mario Bros. Wii	https://soundcloud.com/spryzen-edits/tower-theme-new-super-mario-bros-wii	Tower Theme	New Super Mario Bros. Wii
0.980	gathered		TengenToppa	Rhett And Link (Are You Gonna Eat That)	https://soundcloud.com/king_kittan_1/rhett-and-link-are-you-gonna-eat-that	Are You Gonna Eat That?	Rhett & Link
0.980	gathered		Qumu	Bubblegum K.K. (From "Animal Crossing: New Leaf")	https://soundcloud.com/xxlovely-chuxx-101/bubblegum-kk-from-animal-crossing-new-leaf	Bubblegum K.K.	Animal Crossing: New Leaf
0.980	gathered		TV Theme Tune Factory	Qi Theme	https://soundcloud.com/tvthemetunefactory/qi-theme	QI Theme Tune	QI
0.980	gathered		Sky Chase Zone	Sonic the Hedgehog 2	https://soundcloud.com/mikeeatsfood/sky-chase-zone-sonic-the-hedgehog-2	Sky Chase Zone	Sonic the Hedgehog 2
0.980	gathered		SolCalibre™	Seafoam Shanty - Bottom Feeders	https://soundcloud.com/sol64/splatoon-2-seafoam-shanty-bottom-feeders	Bottom Feeders - Seafoam Shanty	Splatoon 2
0.980	gathered		Flame Lord (FL)	How To Play (Wii Sports)	https://soundcloud.com/user-937373904/how-to-play-wii-sports	How To Play	Wii Sports
0.980	gathered		Tre	Hello (Adele/arr. Adam Neely)	https://soundcloud.com/tre-842077416/hello-adele-arr-adam-neely	Hello	Adam Neely
0.980	gathered		HQ (Uncompressed!) "Piraka Rap" 2nd/Released Promo Trailer Version	LEGO Bionicle 2006	https://soundcloud.com/user-549411332/hd-not-compressed-piraka-rap	Piraka Rap	BIONICLE
0.980	gathered		Ed Banger records	BUSY P "To Protect and Entertain" feat. Murs	https://soundcloud.com/edbangerrecords/to-protect-and-entertain-feat	To Protect and Entertain	BUSY P ft. Murs
0.980	gathered		I Used To Get High For A Living	John Butler	https://soundcloud.com/schutzy/i-used-to-get-high-for-a	Used To Get High For A Living	John Butler
0.980	gathered		Yugo Kanno	Jojo's Bizarre Adventure - Diamond is Unbreakable OST Daydream	https://soundcloud.com/dillzytante3/genba-kyukou	Yugo Kanno - ダイヤモンドは砕けない～メインテーマ～ (main theme) (breakdown)	JoJo's Bizarre Adventure: Diamond is Unbreakable
0.980	gathered		I'm Here (Revisited)	Sonic Frontiers The Final Horizon OST	https://soundcloud.com/silverknights-981939969/im-here-revisited-sonic-frontiers-the-final-horizon-ost	I'm Here	Sonic Frontiers
0.980	gathered		GoldChimera	Belly Flop / Aquariyum	https://soundcloud.com/goldchimera/020x95	Aquariyum - Belly Flop	Splatoon 3
0.980	gathered		hover	Where I've Been | Bill Wurtz	https://soundcloud.com/h-hover/where-ive-been-bill-wurtz	where i've been	bill wurtz
0.980	gathered		My Drive Thru	Julián Casablancas feat. Santigold & Pharrell Williams	https://soundcloud.com/littledevil-bigheart-647309596/my-drive-thru-julian	My Drive Thru	Santigold, Julian Casablancas, Pharrell Williams
0.980	gathered		scat 2.0	Buckwheat Boyz  Peanut Butter Jelly Time	https://soundcloud.com/user-959638050/buckwheat-boyz-peanut-butter-jelly-time	Peanut Butter Jelly Time	Buckwheat Boyz
0.980	gathered		DJ AIBLO	Jackson 5 Can you feel it Rework Dj Aiblo	https://soundcloud.com/aiblo-dj/can-you-feel-it-rmx-dj-aiblo	Can You Feel It	The Jackson 5
0.980	gathered	version	ALTWAVE	Amazing Horse (Mr Weebl cover)	https://soundcloud.com/altwave/amazing-horse-synthwave-version	Amazing Horse	Mr Weebl
0.980	gathered		Funk To The Top	Hideki Naganuma	https://soundcloud.com/suffixluv/ollie-king-ost-funk-to-the-top	Hideki Naganuma - Funk to the Top	Ollie King
0.980	gathered		Ethereal	Beef (feat. Playboi Carti)	https://soundcloud.com/ethereal/playboi-carti-beef-feat-ethereal	Beef	Playboi Carti ft. Ethereal
0.980	gathered		Sebas Torres 3	Skrillex   The Disco Rangers Bus	https://soundcloud.com/sebas-torres-2/skrillex-the-disco-rangers-bus	The Disco Rangers Bus (Knows How To Rock N Roll)	Skrillex
0.980	gathered		Adam Ezra	HEYYEYAAEYAAAEYAEYAA / Fabulous Secret Powers (SLACKCiRCUS / Adam Ezra)	https://soundcloud.com/adam-weir-333729221/fabulous-secret-powers-adam-ezra-remix	Fabulous Secret Powers (HEYYEYAAEYAAAEYAEYAA) (what's up) (what's going on)	SLACKCiRCUS
0.980	gathered		daydusk and Melodies Zone	Title Screen (From "Sonic & Knuckles") (Lofi)	https://soundcloud.com/daydusk/title-screen-from-sonic	Title Screen	Sonic & Knuckles
0.980	gathered		Inkoming	Wet floor - Splatoon 2 ost.	https://soundcloud.com/963mlp/inkoming-wet-floor-splatoon-2-ost	Wet Floor - Inkoming! (Cloud Demo)	Splatoon 2
0.980	gathered		The Cursed Needle	Splatoon 2 OST Inkopolis Square Tutorial	https://soundcloud.com/cursed-needle-22575595950/splatoon-2-ost-inkopolis-square-tutorial	Inkopolis Square Tutorial	Splatoon 2
0.980	gathered		soia	you can say hi (prod. by mez)	https://soundcloud.com/bomb-rush-cyberfunk-ost/soia-you-can-say-hi-prod-by-mez	Soia prod. Mez - You Can Say Hi	Bomb Rush Cyberfunk
0.980	gathered		Bone Thugs	N-Harmony- First Of The Month	https://soundcloud.com/marcus-dollar-bizzle/bone-thugs-n-harmony-first-of	First of the Month	Bone Thugs-N-Harmony
0.980	gathered		Cthulu Sleeps	Deadmau5 (Mix)	https://soundcloud.com/noise-preacher/cthulu-sleeps-deadmau5-np-cut	Cthulu Sleeps (cthulu steps)	deadmau5
0.980	gathered		Maxium Steele	The Cool Guy Of Bel Air [Will Smith vs Devin Montes]	https://soundcloud.com/maxium_steele/the-cool-guy-of-bel-air-will	Cool Guy! (Cool Guy has Chill Day)	Devin Montes
0.980	gathered		nlolhere	300 This Is Sparta REMIX (by Keaton’s World)	https://soundcloud.com/nlolhere/300-this-is-sparta-remix-by	300 This Is Sparta (sparta remix)	Keaton
0.980	gathered		World 8- Lava Land	New Super Mario Bros. Wii	https://soundcloud.com/spryzen-edits/world-8-lava-land-new-super-mario-bros-wii	World 8: Lava Land	New Super Mario Bros. Wii
0.980	gathered		Too Fast	Hideki Naganuma /Ollie King OST	https://soundcloud.com/killer2017op/too-fast-hideki-naganuma-ollie	Hideki Naganuma - Too Fast	Ollie King
0.980	gathered		octo valley area 1	splatoon	https://soundcloud.com/user-75166143/octo-valley-area-1-splatoon	Octo Valley (Area 2)	Splatoon
0.980	gathered		s4n1t1z3d toxins	Inside the Deepsea Metro Subway Car Splatoon 2 Octo Expansion	https://soundcloud.com/user-752190988/inside-the-deepsea-metro	Inside the Deepsea Metro Subway Car	Splatoon 2: Octo Expansion
0.980	gathered		We’re So Back	Off The Hook (Splatoon 3)	https://soundcloud.com/pvz-dood/were-so-back-off-the-hook	Off the Hook - We're So Back	Splatoon 3
0.980	gathered	version	Y2meta.app	you don’t own me - saygrace ft. g-eazy _ ending part looped _ slowed (128 kbps).mp3	https://soundcloud.com/axelcraft-juegos/y2meta-app-you-dont-own-me-1	SAYGRACE ft. G-EAZY - You Don't Own Me	Suicide Squad
0.980	gathered		Twitter: @dr_kaleemm	Uzi- Blue	https://soundcloud.com/kendrick-lamar-29/uzi-blue	Blue	Uzi
0.980	gathered		Scream & Shout Remix	Will.I.Am ft. Britney Spears, Lil Wayne, Diddy, Waka Flocka Flame & Hit-Boy	https://soundcloud.com/dndxxprstls/scream-shout-remix-will-i-am	Scream & Shout (Remix)	will.i.am ft. Britney Spears, Hit Boy, Waka Flocka Flame, Lil Wayne & Diddy
0.980	gathered		😵‍💫★┆I like to wear soft clothing	Bill Wurtz┆★😵‍💫	https://soundcloud.com/user-raystro/i-like-to-wear-soft-clothing	i like to wear soft clothing (cause it makes me feel like i'm rough in comparison)	bill wurtz
0.980	gathered		Yatta!!!	Green Leaves	https://soundcloud.com/mike-bobby-29452642/yatta-green-leaves	YATTA!	Green Leaves
0.980	gathered	version	Liebes Mädel	Neon Genesis Evangelion  Komm Süsser Tod Synthwave 80s German Cover	https://soundcloud.com/log-info/neon-genesis-evangelion-komm	Komm, süsser Tod (Come Sweet Death)	Neon Genesis Evangelion
0.980	gathered		World 5- Forest Land	New Super Mario Bros. Wii	https://soundcloud.com/spryzen-edits/world-5-forest-land-new-super-mario-bros-wii	World 5: Forest Land (jungle)	New Super Mario Bros. Wii
0.980	gathered		Conman_123	It's My Belly Button (Rhett And Link)	https://soundcloud.com/conman_123/its-my-belly-button-rhett-and-link	It's My Belly Button	Rhett & Link
0.980	gathered		MarnieQB	Alice dj Better off alone	https://soundcloud.com/marnie_10f/alice-dj-better-off-alone	Better Off Alone	Alice DJ
0.980	gathered		HAARPER	DROP IT LIKE IT'S HOT! [PROD. LUGA]	https://soundcloud.com/haarper/dropitlikeitshot	DROP IT LIKE IT'S HOT!	HAARPER Prod. Luga
0.980	gathered		Start Screen	Mario Kart 8 Deluxe OST	https://soundcloud.com/a-820935462/start-screen-mario-kart-8	Start Screen	Mario Kart 8 Deluxe
0.980	gathered		GoldChimera	Fuzzy Dazzler / New Shores	https://soundcloud.com/goldchimera/020x90	New Shores - Fuzzy Dazzler	Splatoon 3
0.980	gathered		Title Screen	Wii Sports Music Extended 10 Min	https://soundcloud.com/junk-account-42625173/title-screen-wii-sports-music-extended-10-min	Title Screen	Wii Sports
0.980	gathered		The Cursed Needle	Splatoon 2 OST Boot Screen	https://soundcloud.com/cursed-needle-22575595950/splatoon-2-ost-boot-screen	Boot Screen	Splatoon
0.980	gathered		qwer	Plaza Speakers H Splatoon	https://soundcloud.com/pjoif6n2ggvp/plaza-speakdrtsjgnofdojrsfhmis	Plaza Speakers H	Splatoon
1.000	gathered		A. G. Cook & Cecile Believe	𝟹G	https://soundcloud.com/dustyy77/3g	𝟹G	A. G. Cook & Cecile Believe
1.000	gathered		Alnaht	Wrong	https://soundcloud.com/vivtov/alnaht-wrong	Wrong	Alnaht
1.000	gathered		Arman Long	LEVEL 4 SMOKER	https://soundcloud.com/909worldwide/level-4-smoker	LEVEL 4 SMOKER	Arman Long
1.000	gathered		The Black Eyed Peas	Boom Boom Wow (D.J. will.i.am Megamix)	https://soundcloud.com/black-eyed-peas-official/boom-boom-wow-d-j-will-i-am	Boom Boom Wow (D.J. will.i.am Megamix) (music sounds better with you)	The Black Eyed Peas
1.000	gathered		countess luann	chic c'est la vie (dvnots remix) 130	https://soundcloud.com/dustyy77/chic-cest-la-vie-dvnots-remix	chic c'est la vie (dvnots remix) 130	countess luann
1.000	gathered		P.T. Adamczyk	The Rebel Path - (Don't Fear) the Reaper Version	https://soundcloud.com/itskuddx/cyberpunk-2077-ost-the-rebel	P.T. Adamczyk - The Rebel Path	Cyberpunk 2077
1.000	gathered		P.T. Adamczyk	P.T. Adamczyk - Outsider No More (Cyberpunk 2077)	https://soundcloud.com/sonderistic/05-pt-adamczyk-outsider-no-more-cyberpunk-2077	P.T. Adamczyk - Outsider No More	Cyberpunk 2077
1.000	gathered		Gorillaz	Welcome to the World of the Plastic Beach (feat. Snoop Dogg and Hypnotic Brass Ensemble)	https://soundcloud.com/gorillaz/welcome-to-the-world-of-the	Welcome To The World Of The Plastic Beach	Gorillaz ft. Snoop Dogg
1.000	gathered		Gorillaz	Sex Murder Party (feat. Jamie Principle & Zebra Katz)	https://soundcloud.com/user-26221223/sex-murder-party-feat-jamie	Sex Murder Party	Gorillaz ft. Jamie Principle & Zebra Katz
1.000	gathered		GRRL	The Bird	https://soundcloud.com/grrl-music/grrl-the-bird	The Bird	GRRL
1.000	gathered		GRRL	Does It Feel Good	https://soundcloud.com/grrl-music/grrl-does-it-feel-good	Does It Feel Good	GRRL
1.000	gathered		GRRL	Puppy Love	https://soundcloud.com/grrl-music/grrl-puppy-love	Puppy Love	GRRL
1.000	gathered		Heather DiStefano	One Thaumaturgy	https://soundcloud.com/909worldwide/one-thaumaturgy	One Thaumaturgy	Heather DiStefano
1.000	gathered		LMFAO	I'm In Miami Bitch	https://soundcloud.com/lmfao-official/im-in-miami-bitch-album	I'm In Miami Bitch	LMFAO
1.000	gathered		Manapool	Crystarium	https://soundcloud.com/909worldwide/crystarium	Crystarium	Manapool
1.000	gathered		oizo mr 3000	CAMELFUCK	https://soundcloud.com/oizo-mr-3000/camel-fuck	Camelfuck	Mr Oizo
1.000	gathered		The Lively Ones	Surf Rider (from Pulp Fiction)	https://soundcloud.com/undefined-people/the-lively-ones-surf-rider	Lively One - Surf Rider	Pulp Fiction
1.000	gathered		rhett_and_link	My OCD	https://soundcloud.com/rhett_and_link/my-ocd	My OCD	Rhett & Link
1.000	gathered		Tsunku	Menu (2P Endless Games)	https://soundcloud.com/taromlk/menu-2p-endless-games-rhythm-heaven-fever	Tsunku♂ - Menu (2P Endless Games)	Rhythm Heaven Fever
1.000	gathered		S3RL	Pretty Rave Girl (99jakes prettiest rave girl edit) ▶ • ılıılıılılılılılı. 4:38	https://soundcloud.com/dustyy77/pretty-rave-girl-99jakes	Pretty Rave Girl (99jakes prettiest rave girl edit) ▶ • ılıılıılılılılılı. 4_38	S3RL
1.000	gathered		Shinichi Osawa	Foals	https://soundcloud.com/shinichiosawa/foals	Foals	Shinichi Osawa
1.000	gathered		Sonic CD - 20TH Gold CD1	1-18 Quartz Quadrant JP	https://soundcloud.com/sonic-cd-the-best-sonic/1-18-quartz-quadrant-jp	Quartz Quadrant (Past) (JP)	Sonic CD
1.000	gathered		Sonic CD - 20TH Gold CD2	2-04 Stardust Speedway 'B' Mix JP	https://soundcloud.com/sonic-cd-best-sonic-2/2-04-stardust-speedway-b-mix	Stardust Speedway (Past) (JP)	Sonic CD
1.000	gathered		Sonic & Knuckles	Lava Reef Zone Act 1	https://soundcloud.com/rman41/sonic-knuckles-lava-reef-zone-act-1	Lava Reef Zone (Act 2)	Sonic & Knuckles
1.000	gathered		Squid Squad	Splattack!	https://soundcloud.com/dj-tenta-kill/squid-squad-splattack	Squid Squad - Splattack!	Splatoon
1.000	gathered		Big Betrayal | Deep Cut	Splatoon 3 OST	https://soundcloud.com/absols/splatoon-3-ost-big-betrayal	Deep Cut - Big Betrayal	Splatoon 3
1.000	gathered		Super Mario Bros 2	Boss Battle	https://soundcloud.com/user-617239988/super-mario-bros-2-boss-battle	Boss Battle (Adim G#dim Bdim A#dim)	Super Mario Bros. 2
1.000	gathered		Yseult	BITCH YOU COULD NEVER	https://soundcloud.com/yseultofficiel/bitch-you-could-never-1	BITCH YOU COULD NEVER	YSEULT
1.000	gathered		Alice Gas & 99jakes	F**KKKKKKKKKKK	https://soundcloud.com/909worldwide/f-kkkkkkkkkkk	F**KKKKKKKKKKK	Alice Gas & 99jakes
1.000	gathered		Cola boy	7 ways to love 2011 (PeteBish refix)	https://soundcloud.com/djpetebish/cola-boy-7-ways-to-love-2011	7 Ways To Love	Cola Boy
1.000	gathered		Fred again.., Winnie Raeder	Winnie (end of me)	https://soundcloud.com/fredagain/winnie-end-of-me	Winnie	Fred again..
1.000	gathered		emamouse	Sucklet's song	https://soundcloud.com/emamouse2/sucklets-song	Emamouse - Sucklet's Song	itemLabel
1.000	gathered		Jean Dawson	Pyrotechnics	https://soundcloud.com/jeandawson/pyrotechnics-1	Pyrotechnics	Jean Dawson
1.000	gathered		Tsunku♂	Built to Scale 2 ~ Perfect Version	https://soundcloud.com/alex-victoret/built-to-scale-2-perfect	Tsunku♂ - Built to Scale 2	Rhythm Heaven
1.000	gathered		Tsunku♂	Moai Doo-Wop 2 ~ Perfect Version	https://soundcloud.com/alex-victoret/moai-doo-wop-2-perfect-version	Tsunku♂ - Moai Doo-Wop 2	Rhythm Heaven
1.000	gathered		Tsunku♂	Rhythm Heaven (NDS) Fan Club (Italian)	https://soundcloud.com/finndookiebutt/italian-fan-club	Tsunku♂ - Fan Club (Thrilling! Is This Love?)	Rhythm Heaven
1.000	gathered		Tsunku♂	Munchy Monk 2 ~ Perfect Version	https://soundcloud.com/alex-victoret/munchy-monk-2-perfect-version	Tsunku♂ - Munchy Monk 2	Rhythm Heaven
1.000	gathered		Shanin Blake	nature song	https://soundcloud.com/shanin-blake/nature-song	nature song (little bit of acid, little bit of shrooms)	shanin blake
1.000	gathered		Sonic CD - 20TH Gold CD1	1-06 Palmtree Panic 'P' Mix	https://soundcloud.com/sonic-cd-the-best-sonic/1-06-palmtree-panic-p-mix	Palmtree Panic (Past) (JP)	Sonic CD
1.000	gathered		Sonic CD - 20TH Gold CD1	1-10 Collision Chaos JP	https://soundcloud.com/sonic-cd-the-best-sonic/1-10-collision-chaos-jp	Collision Chaos (Past) (JP)	Sonic CD
1.000	gathered		Sonic CD Japan	Sonic CD (Japan):Stardust Speedway (Bad Future)	https://soundcloud.com/sonic-cd-japan/sonic-cd-japan-stardust-3	Stardust Speedway (Good Future) (JP)	Sonic CD
1.000	gathered		Splatoon OST 2	Battle Victory	https://soundcloud.com/splatoonlol2/battle-victory	Battle Victory	Splatoon
1.000	gathered		Grizzco	Salmon Run Success Jingle No. 4 (After King)	https://soundcloud.com/splat6ne/salmon-run-success-jingle-no-4	Grizzco - Salmon Run Success Jingle No. 4 (After King)	Splatoon 3
1.000	gathered		Super Mario Bros. 2	Ending Theme	https://soundcloud.com/user-880408256/super-mario-bros-2-ending-theme	Ending Theme	Super Mario Bros. 2
1.000	gathered		Koji Kondo	Inside the Castle Walls	https://soundcloud.com/kyrette-973702330/inside-the-castle-walls-sm64ds	Koji Kondo - Inside the Castle Walls	Super Mario 64
1.000	gathered		Koji Kondo	Merry-Go-Round	https://soundcloud.com/kyrette-973702330/merry-go-round-sm64ds	Koji Kondo - Merry-Go-Round	Super Mario 64
1.000	gathered		Koji Kondo	Cave Dungeon	https://soundcloud.com/nintendo-music-mario3/cave-dungeon	Koji Kondo - Cave Dungeon	Super Mario 64
1.000	gathered		Super Mario Sunshine OST	Opening Demo	https://soundcloud.com/vybenet/super-mario-sunshine-ost	Opening Demo	Super Mario Sunshine
1.000	gathered		Super Mario Sunshine OST	Secret Course	https://soundcloud.com/vybenet/super-mario-sunshine-ost-9	Secret Course	Super Mario Sunshine
1.000	gathered		Super Mario Sunshine OST	Noki Depths	https://soundcloud.com/aquatis-gd/noki-depths-super-mario-sunshine	Noki Depths (Deep Sea of Mare)	Super Mario Sunshine
1.000	gathered		Secret Course ~ Sky and Sea (Super Mario Sun-shine)	Mario Kart World (OST)	https://soundcloud.com/pumpkin-knight-14977561/secret-course-sky-and-sea-super-mario-sun-shine-mario-kart-world-ost-11	Secret Course Sky & Sea	Super Mario Sunshine
1.000	gathered		Super Scribblenauts	Menu	https://soundcloud.com/user-399090078/super-scribblenauts-menu	Menu	Super Scribblenauts
1.000	gathered		Tyler, The Creator	MOMMA TALK	https://soundcloud.com/tylerthecreatorofficial/tyler-the-creator-momma-talk	MOMMA TALK	Tyler, The Creator
1.000	gathered		Koji Kondo	Story Music Box	https://soundcloud.com/nightshadex766/story-music-box	Koji Kondo - Story Music Box	Yoshi's Island
1.000	gathered		Koji Kondo	Yoshi Start Demo	https://soundcloud.com/nightshadex766/yoshi-start-demo	Koji Kondo - Yoshi Start Demo	Yoshi's Island
1.000	gathered		Koji Kondo	Yoshi's Island	https://soundcloud.com/nightshadex766/yoshis-island	Koji Kondo - Yoshi's Island	Yoshi's Island
1.000	gathered		EASYFUN	Audio (Himera's Smiling Mix)	https://soundcloud.com/heyhimera/easyfun-audio-himeras-smiling-mix	Him & I	G Easy ft. Halsey
1.000	gathered		Hideki Tobeta	Katamari Stars	https://soundcloud.com/katamariislife/katamari-stars	Hideki Tobeta - Katamari☆Stars	Katamari Damacy
1.000	gathered		Klaus Veen	You Only Live Twice	https://soundcloud.com/klausveen/you-only-live-twice	You Only Live Twice	Klaus Veen
1.000	gathered		Outkast	B.O.B. (Bombs Over Baghdad) (Zack de la Rocha Remix)	https://soundcloud.com/outkast-music/b-o-b-bombs-over-baghdad-zack	B.O.B. (Bombs Over Baghdad) (Zack de la Rocha Remix)	OutKast
1.000	gathered		Perfume	Polygon Wave	https://soundcloud.com/perfume-music/polygon-wave	Polygon Wave (ポリゴンウェイヴ)	Perfume
1.000	gathered		Rhett And Link	Epic Rap Battle Of Manliness	https://soundcloud.com/hunter-kye/rhett-and-link-epic-rap-battle-of-manliness	EPIC RAP BATTLE of MANLINESS	Rhett & Link
1.000	gathered		Sakurazaka46, Ninajirachi	Shoninyokkyu -Ninajirachi Remix-	https://soundcloud.com/sakurazaka46/shoninyokkyu-ninajirachi-remix	承認欲求 | Shoninyokkyu -Ninajirachi Remix-	Sakurazaka46
1.000	gathered	version	Senzawa	Oki Doki Boomer (Instrumental)	https://soundcloud.com/trey-williams-76/senzawa-oki-doki-boomer-instrumental	oki doki boomer (ok boomer)	senzawa
1.000	gathered	version	TRAVIS SCOTT	MY EYES PT2 GHETTO HOUSE EDIT @mishoangelo	https://soundcloud.com/misho-angelo/travis-scott-my-eyes-pt2-ghetto-house-edit-mishoangelo	MY EYES pt2	Travis Scott
1.000	gathered		Paramore	Decode (Twilight Soundtrack Version)	https://soundcloud.com/paramore/decode-1	Paramore - Decode	Twilight
1.000	gathered		toby fox	Undyne	https://soundcloud.com/undertale-ost/undyne	Toby Fox - Undyne	UNDERTALE
1.000	gathered		bill wurtz	if the world doesn't end	https://soundcloud.com/billwurtz/if-the-world-doesnt-end	if the world doesn't end	bill wurtz
1.000	gathered		Carly Rae Jepsen	Me and the Boys in the Band	https://soundcloud.com/edd-562991349/carly-rae-jepsen-me-and-the	Me And The Boys In The Band	Carly Rae Jepsen
1.000	gathered		CFCF	SUPER SLIPPERY (NewJeans Super Shy x Slippery Plastic Euphoric)	https://soundcloud.com/cfcf/super-slippery-newjeans-super-shy-x-slippery-plastic-euphoric	SUPER SLIPPERY (NewJeans Super Shy x Slippery Plastic Euphoric)	CFCF
1.000	gathered		emamouse	Peepy's Theme	https://soundcloud.com/emamouse2/peepy-song	Emamouse - Peepy's Theme	itemLabel
1.000	gathered	version	Rosalia	CUUUuuuuuute (live from the LUX TOUR)	https://soundcloud.com/user-479512019/rosalia-cuuuuuuuuute-live-from	CUUUuuuuuute (cute)	ROSALÍA
1.000	gathered		Stef2Wreck	Sex Calls	https://soundcloud.com/stefan-jeffrey/sex-calls	sEx	stef
1.000	gathered		Tessa Violet	Crush	https://soundcloud.com/tessaviolet/crush	Crush (touch)	Tessa Violet
1.000	gathered		80Fitz	IF THE JOKER COULD BEATBOX...	https://soundcloud.com/jakub-sliwa-11900796/if-the-joker-could-beatbox	IF THE JOKER COULD BEATBOX...	80Fitz
1.000	gathered		Arca	Fetiche	https://soundcloud.com/porco-ddi/fetiche	Fetiche	Arca
1.000	gathered		Billie Eilish	MyBoi (TroyBoi Remix)	https://soundcloud.com/billieeilish/myboi-troyboi-remix	MyBoi (TroyBoi Remix)	Billie Eilish
1.000	gathered		CYBERPUNK 2077	KILL THE MESSENGER By Rezodrone (Jason Charles Miller) & The Cartesian Duelists	https://soundcloud.com/julio-cesar-vidal-perez/y2matecom-cyberpunk-2077-kill-the-messenger-by-rezodrone-jason-charles-miller-the-cartesian-duelists-320kbps	The Cartesian Duelists (Rezodrone) - Kill The Messenger	Cyberpunk 2077
1.000	gathered	version	David Guetta Ft Akon	Sexy Bitch // Luden Bootleg (FREE DOWNLOAD)	https://soundcloud.com/ludendj/david-guetta-ft-akon-sexy-1	Sexy Bitch (Sexy Chick)	David Guetta ft. Akon
1.000	gathered		Doja Cat	Boss Bitch [GRRL Remix]〔127BPM〕	https://soundcloud.com/dustyy77/boss-bitch-grrl-remix-127bpm	Boss Bitch [GRRL Remix]〔127BPM〕	Doja Cat
1.000	gathered		Flume	Only Fans (feat. Virgen Maria)	https://soundcloud.com/flume/only-fans-feat-virgen-maria	Only Fans	Flume ft. Virgen María
1.000	gathered		Frost Children, Sebii	Right Back	https://soundcloud.com/frostchildren/right-back	Right Back	Frost Children, Sebi
1.000	gathered		holidaykiss	ABYSS ft. KURU	https://soundcloud.com/holidaykiss/abyss-ft-kuru	Abyss	Holidaykiss ft. Kuru
1.000	gathered		Jennifer Lopez	I'm Real (Murder Remix) [feat. Ja Rule]	https://soundcloud.com/jenniferlopez/im-real-murder-remix-feat-ja	I'm Real (Murder Remix)	Jennifer Lopez ft. Ja Rule
1.000	gathered		JPEGMAFIA	Valentine's Day Freestyle '25	https://soundcloud.com/jpegmafia/valentines-day-freestyle-25	Valentine's Day Freestyle '25	JPEGMAFIA
1.000	gathered		Kendrick Lamar	The heart Pt1	https://soundcloud.com/blatte-098/the-heart-pt1	u pt1	Kendrick Lamar
1.000	gathered		MARINA	CUNTISSIMO	https://soundcloud.com/marinadiamandis/cuntissimo	CUNTISSIMO (im a star)	MARINA
1.000	gathered		Rhett And Link	I'm On Vacation	https://soundcloud.com/hunter-kye/rhett-and-link-im-on-vacation	I'm On Vacation	Rhett & Link
1.000	gathered		SJAYY	not like us ft. kendrick lamar (official jersey club remix from SJAYY) OUT EVERYWHERE @sjayyofficial	https://soundcloud.com/sjayy-gutta/not-like-us-ft-kendrick-lamar-maybe-a-jersey-club-remix-from-sjayy	not like us (official jersey club remix)	SJAYY ft. kendrick lamar
1.000	gathered		Turquoise October	Octoweaponry	https://soundcloud.com/dj-tenta-kill/turquoise-october-octoweaponry	Turquoise October - Octoweaponry (Phase 2)	Splatoon
1.000	gathered		Splatoon 2	Bomb Rush Blush (Dj Octavio Ft. Callie)(Final Boss Theme Phase 1)	https://soundcloud.com/cesar-pikachu/splatoon-2-bomb-rush-blush-dj	DJ Octavio ft. Callie - Bomb Rush Blush	Splatoon 2
1.000	gathered		"#$@&* Dude #$@%* Be Sleepin' ~ Pearl Chat-Temp."	Octo Expansion - Splatoon 2 Soundtrack	https://soundcloud.com/user-860813606/dude-be-sleepin-pearl-chat-temp-octo-expansion-splatoon-2-soundtrack	Pearl - #$@%* Dudes Be #$@%* Sleepin	Splatoon 2: Octo Expansion
1.000	gathered		Splatoon 3 OST: Squid Sisters Feat. Ian BGM	Liquid Sunshine	https://soundcloud.com/splat-tim-355603780/splatoon-3-liquid-sunsine	Squid Sisters ft. Ian BGM - Liquid Sunshine	Splatoon 3
1.000	gathered		toonlink	Word Shop	https://soundcloud.com/ctoonlink/word-shop	Word Shop	toonlink
1.000	gathered		The Beach Boys	Let's Go Away For A While (Mono / Remastered 1996)	https://soundcloud.com/thebeachboys/lets-go-away-for-awhile-1	Let's Go Away For A While	The Beach Boys
1.000	gathered		Bizarrap, Quevedo	Quevedo: Bzrp Music Sessions, Vol. 52/66	https://soundcloud.com/bizarrap/bizarrap-quevedo-quevedo-bzrp	Quevedo: Bzrp Music Sessions, Vol.52	Bizarrap, Quevedo
1.000	gathered		Bo Burnham	Words, Words, Words (Studio)	https://soundcloud.com/bo-burnham/words-words-words-studio	words, words, words.	Bo Burnham
1.000	gathered		Bo Burnham	Repeat Stuff	https://soundcloud.com/kyle-peterson-25/bo-burnham-repeat-stuff-1	Repeat Stuff	Bo Burnham
1.000	gathered		umru & ericdoa	movinglikeazombie (remix) ― dante sebii angelus kmoe lewis g savepoint tony v emotegi d0lly 4k	https://soundcloud.com/umru/zombie	movinglikeazombie (umru remix)	ericdoa ft. dante red, umru, SEBii, angelus, kmoe, Lewis Grant, savepoint, Tony Velour, emotegi, d0llywood1, 4kmirage
1.000	gathered		Hikaru Utada	Find Love	https://soundcloud.com/hikaruutada/find-love	Find Love	Hikaru Utada
1.000	gathered		Jacques Offenbach	Infernal Galop from Orpheus in the Underworld	https://soundcloud.com/miami-symphony-orchestra/11-jacques-offenbach-infernal	Galop Infernal (can can)	Jacques Offenbach
1.000	gathered		Yu Miyake	Katamari March Damacy	https://soundcloud.com/jonah-oneill/katamari-march-damacy	Yū Miyake - Katamari March Damacy	Katamari Damacy
1.000	gathered		Koji Kondo, Yoshiko Kawamoto	Gerudo Valley	https://soundcloud.com/zelda-soundtracks/n64-ocarina-of-time-gerudo-valley	Koji Kondo - Gerudo Valley	The Legend of Zelda: Ocarina of Time
1.000	gathered		Perfume	Electro World	https://soundcloud.com/perfume-music/electro-world	Electro World	Perfume
1.000	gathered		Tsunku♂	Rhythm Rally 2 ~ Perfect Version	https://soundcloud.com/alex-victoret/rhythm-rally-2-perfect-version	Tsunku♂ - Rhythm Rally 2	Rhythm Heaven
1.000	gathered		Sonic CD - 20TH Gold CD2	2-08 Metallic Madness 'B' Mix JP	https://soundcloud.com/sonic-cd-best-sonic-2/2-08-metallic-madness-b-mix-jp	Metallic Madness (Past) (JP)	Sonic CD
1.000	gathered		Riot Act	No Plan Survives (Splatoon 3)	https://soundcloud.com/pvz-dood/riot-act-no-plan-survives-1	Riot Act - No Plan Survives	Splatoon 3
1.000	gathered		SWV	Right Here (Human Nature Radio Mix)	https://soundcloud.com/swv-official/right-here-human-nature-radio	Right Here (Human Nature Radio Mix)	SWV
1.000	gathered		Tyler, The Creator	A BOY IS A GUN*	https://soundcloud.com/tylerthecreatorofficial/a-boy-is-a-gun	A BOY IS A GUN	Tyler, The Creator
1.000	gathered		Tyler, The Creator	BEST INTEREST	https://soundcloud.com/tylerthecreatorofficial/best-interest	BEST INTEREST	Tyler, The Creator
1.000	gathered		underscores, Maxwell Young	Del mar county fair 2008 (w/ Maxwell Young)	https://soundcloud.com/underscores/dlmcf2	Del mar county fair 2008	underscores
1.000	gathered		2 Mello	Poison Jam (Part II)	https://soundcloud.com/sycophantam/2-mello-poison-jam-part-ii	Poison Jam	2 Mello
1.000	gathered		Aira Mitsuki	aira mitsuki // sayonara TECHNOPOLIS	https://soundcloud.com/pukegirl/aira-mitsuki-sayonara-technopolis	Sayonara Technopolis (サヨナラ TECHNOPOLiS)	Aira Mitsuki (アイラミツキ)
1.000	gathered		Klaus Veen	Anime Break	https://soundcloud.com/bomb-rush-cyberfunk-ost/klaus-veen-anime-break	Klaus Veen - Anime Break	Bomb Rush Cyberfunk
1.000	gathered		brokeNCYDE	Freaxxx	https://soundcloud.com/bc13official/freaxxx	Freaxxx (freaks)	Brokencyde
1.000	gathered		CircusP	Gumi English "Copycat" Original Song	https://soundcloud.com/circusp/gumi-english-copycat-original-song	Copycat	CircusP ft. Gumi English
1.000	gathered		cyy♡ & yeesh	Everlasting Love	https://soundcloud.com/909worldwide/everlasting-love	Everlasting Love	cyy♡ & yeesh
1.000	gathered		Josh Mancell	Crash Bandicoot Theme w/beach intro (pre-console version)	https://soundcloud.com/joshmancell/crash-bandicoot-theme	Josh Mancell - Crash Bandicoot Theme	Crash Bandicoot
1.000	gathered		CSS	Superafim	https://soundcloud.com/michel-chafir/css-superafim	Superafim	CSS
1.000	gathered		Deejay Chainwallet	i just fucking ijbol	https://soundcloud.com/909worldwide/i-just-fucking-ijbol	i just fucking ijbol	Deejay Chainwallet
1.000	gathered		Toby Fox	With Hope Crossed On Our Hearts IN GAME VERSION	https://soundcloud.com/xq3tc/with-hope-crossed-on-our-hearts-in-game-version	Toby Fox - With Hope Crossed On Our Hearts	DELTARUNE Chapters 3+4
1.000	gathered		D.I.M. & Tai	Lyposuct (dahechi aka freudeelectro in the mix)	https://soundcloud.com/djforestblack/d-i-m-tai-lyposuct-dahechi-dj	Lyposuct	D.I.M. & Tai
1.000	gathered		Fresh Hex	Ready?	https://soundcloud.com/freshhex/ready	ready?	Fresh Hex
1.000	gathered		Grind Mode	Ecstasy (DJH Edit) 𓃦	https://soundcloud.com/dustyy77/ecstasy-djh-edit	Ecstasy (DJH Edit) 𓃦	Grind Mode
1.000	gathered		gum.mp3	Surveillance	https://soundcloud.com/gum_mp3/surveillance	Surveillance	gum.mp3
1.000	gathered		gupi	Hair	https://soundcloud.com/gupimusic/hair	Hair	gupi
1.000	gathered		Hikaru Utada, salute	Electricity (salute Remix)	https://soundcloud.com/hikaruutada/electricity-salute-remix	Electricity (salute remix)	Hikaru Utada
1.000	gathered	version	Cold	Just Got Wicked (Radio Edit)	https://soundcloud.com/cold-51794/just-got-wicked-radio-edit	Cold - Just Got Wicked	Jet Set Radio
1.000	gathered		Jodeci	Freek'n You	https://soundcloud.com/jodeci-official/freekn-you-album-version	Freek'N You	Jodeci
1.000	gathered		JoJo's Bizarre Adventure Part 5: Golden Wind (ED / Ending FULL)	[Freek'n You / Jodeci]	https://soundcloud.com/toast_nagatsuki/jojos-bizarre-adventure-part-5	Jodeci - Freek'N You	JoJo's Bizarre Adventure: Golden Wind
1.000	gathered		JPEGMAFIA	HATE (feat. FREAKYMAFIACULT)	https://soundcloud.com/jpegmafia/hate-feat-freakymafiacult	HATE	JPEGMAFIA ft. FREAKYMAFIACULT
1.000	gathered		Koji Kondo	Fire Temple v1.0 and 1.2 mix	https://soundcloud.com/smokeweedmlg/the-legend-of-zelda-ocarina-of-time-fire-temple-v10-and-12-mix	Koji Kondo - Fire Temple	The Legend of Zelda: Ocarina of Time
1.000	gathered		Leonz	Among Us Trap Remix (Among Drip Theme Song)	https://soundcloud.com/leonzmusic/among-us-trap-remix	Among Us Trap Remix (among drip)	Leonz
1.000	gathered		leroy	kick of a lifetime	https://soundcloud.com/c0ncernn/s3-e8	kick of a lifetime	leroy
1.000	gathered		The Lonely Island	Spring Break Anthem	https://soundcloud.com/thelonelyisland/spring-break	Spring Break Anthem	The Lonely Island
1.000	gathered		Mohito	Slip Away (Steve Angello and the Young Punx Remix) [feat. Howard Jones]	https://soundcloud.com/theyoungpunx/mohito-slip-away-steve-angello	Slip Away (Steve Angello and the Young Punx Remix)	Mohito, Howard Jones
1.000	gathered		Neon Genesis Evangelion OP	A Cruel Angel's Thesis	https://soundcloud.com/robinya/neon-genesis-evangelion-op-a-cruel-angels-thesis	A Cruel Angel's Thesis	Neon Genesis Evangelion
1.000	gathered		Panic! At The Disco	Lying Is the Most Fun a Girl Can Have Without Taking Her Clothes Off	https://soundcloud.com/panicatthedisco/lying-is-the-most-fun-a-girl	Lying Is the Most Fun a Girl Can Have Without Taking Her Clothes Off (testosterone boys and harlequin girls) (dance to this beat)	Panic! At The Disco
1.000	gathered		Tsunku♂	Karate Man 2 ~ Perfect Version	https://soundcloud.com/alex-victoret/karate-man-2-perfect-version	Tsunku♂ - Karate Man 2 (悲しみのスコール)	Rhythm Heaven Fever
1.000	gathered	version	Rymdreglage	8-Bit Trip Instrumental	https://soundcloud.com/rymdreglage-music/8-bit-trip-instrumental	8-bit trip	Rymdreglage
1.000	gathered		SCRIPT	derealization	https://soundcloud.com/iamscript/derealization	derealization	SCRIPT
1.000	gathered		Hideki Naganuma	Vela-Nova	https://soundcloud.com/sonicg502-the-robohog/vela-nova	Hideki Naganuma - Vela-Nova	Sonic Rush
1.000	gathered		Splatoon 2 OST	Acid Hues [Off The Hook]	https://soundcloud.com/okdska/acidhues	Off the Hook - Acid Hues	Splatoon 2
1.000	gathered		Super Mario Sunshine OST	Underground	https://soundcloud.com/vybenet/super-mario-sunshine-ost-4	Underground	Super Mario Sunshine
1.000	gathered		Koji Kondo	Yoshi's Island - Castle / Fortress Theme	https://soundcloud.com/good-ol-mothy/koji-kondo-yoshis-island	Koji Kondo - Castle & Fortress	Yoshi's Island
1.000	gathered		Gooseworx	Main Theme	https://soundcloud.com/swirlysweetie8/the-amazing-digital-circus	Gooseworx - Main Theme	The Amazing Digital Circus
1.000	gathered		Bella Poarch	Build a Bitch	https://soundcloud.com/bellapoarch/build-a-bitch	Build a Bitch	Bella Poarch
1.000	gathered		The Boyboy West Coast	U Was At The Club	https://soundcloud.com/ayyitsganzo/the-boyboy-west-coast-u-was-at-the-club-1	U Was At The Club (Bottoms Up)	The BoyBoy West Coast
1.000	gathered		Fatboy Slim	We Really Want to See Those Fingers	https://soundcloud.com/fatboyslim/we-really-want-to-see-these	We Really Want To See Those Fingers	Fatboy Slim
1.000	gathered		Gummibär	LaLaLa I Love You (Skaterbär)	https://soundcloud.com/gummybearintl/lalala-i-love-you-skaterbar	LaLaLa I Love You (Skaterbär) (skater bears)	Gummibär
1.000	gathered		emamouse	Moley's Theme	https://soundcloud.com/emamouse2/moleys-theme	Emamouse - Moley's Theme	itemLabel
1.000	gathered		The Lonely Island	Here I Go (ft. Charli xcx)	https://soundcloud.com/the-lonely-island/here-i-go-ft-charli-xcx	Here I Go	The Lonely Island ft. Charli xcx
1.000	gathered		Oneohtrix Point Never	Chrome Country	https://soundcloud.com/jose48-1/oneohtrix-point-never-chrome	Chrome Country	Oneohtrix Point Never
1.000	gathered		Pewdiepie ft. Roomie & Boyinaband	Congratulations	https://soundcloud.com/vermillionamvs/pewdiepie-congratulation	Congratulations	Pewdiepie, Roomie, & Boyinaband
1.000	gathered		Ravenna Golden	▬▬ι═══════ﺤ  big knife (x umru, DJH & Helvetican ID)	https://soundcloud.com/dustyy77/i-big-knife-x-umru-djh	▬▬ι═══════ﺤ big knife (x umru, DJH & Helvetican ID)	Ravenna Golden
1.000	gathered		Tsunku♂	Fan Club 2 ~ Perfect Version	https://soundcloud.com/alex-victoret/fan-club-2-perfect-version	Tsunku♂ - Fan Club 2 (Thrilling! Is This Love?)	Rhythm Heaven
1.000	gathered		Tyler, The Creator	SWEET / I THOUGHT YOU WANTED TO DANCE (feat. Brent Faiyaz & Fana Hues)	https://soundcloud.com/tylerthecreatorofficial/tyler-the-creator-sweet-i	I THOUGHT YOU WANTED TO DANCE	Tyler, The Creator ft. Fana Hues
1.000	gathered	version	Agust D (SUGA)	'대취타' (Daechwita) -  Instrumental by POMEE	https://soundcloud.com/honmani/agust-d-suga-daechwita-instrumental-by-pomee	대취타 (Daechwita)	Agust D
1.000	gathered		Doctor Lazer	Chromebies	https://soundcloud.com/bomb-rush-cyberfunk-ost/doctor-lazer-chromebies	Doctor Lazer - Chromebies	Bomb Rush Cyberfunk
1.000	gathered		Color Plus	Hair Dun Nails Dun	https://soundcloud.com/bomb-rush-cyberfunk-ost/color-plus-hair-dun-nails-dun	Color Plus - Hair Dun Nails Dun	Bomb Rush Cyberfunk
1.000	gathered		Crush (PSP3DS)	City 01 (B)	https://soundcloud.com/user-173504228/crush-psp3ds-city-01-b	City 01 B	CRUSH / CRUSH3D
1.000	gathered		dazegxd	dazetek	https://soundcloud.com/dustyy77/dazetek	dazetek	dazegxd
1.000	gathered		Doechii	BULLFROG	https://soundcloud.com/iam-doechii/bullfrog	BULLFROG	Doechii
1.000	gathered		Fred again.., I. JORDAN	Admit It (u dont want 2)	https://soundcloud.com/fredagain/admit-it-u-dont-want-2	Admit It (u dont want 2) (you don't want to)	Fred again.., I. JORDAN
1.000	gathered		the club classics bootleg with fresh hex	Charli xcx	https://soundcloud.com/freshhex/freshhexcx	the club classics bootleg with fresh hex (Charli xcx)	Fresh Hex
1.000	gathered	version	holidaykiss	FANTASIZE (ERICDOA COVER)	https://soundcloud.com/holidaykiss/fantasize-ericdoa-cover	FANTASIZE	HOLIDAYKISS
1.000	gathered		laura_les	haunted_petalsupply_tool_162bpm_c♯m.ₘₚ₃	https://soundcloud.com/dustyy77/haunted_petalsupply_tool_162bp	haunted_petalsupply_tool_162bpm_c♯m.ₘₚ₃	laura_les
1.000	gathered		Machine Girl	Phase α	https://soundcloud.com/nikindos/phase-a	Phase α	Machine Girl
1.000	gathered		Noise International	GO! feat. Sharon Muscat (Channel GO! Theme Song)	https://soundcloud.com/user-722855071-728088901/noise-international-go-feat-sharon-muscat-channel-go-theme-song	Go!	Noise International ft. Sharon Muscat
1.000	gathered		Selfie & Ruby Bell	Red Rubber Ball	https://soundcloud.com/909worldwide/red-rubber-ball	Red Rubber Ball	Selfie & Ruby Bell
1.000	gathered		Shakira	Dare (La La La)	https://soundcloud.com/shakira/dare-la-la-la	Dare (La La La) (lalala)	Shakira
1.000	gathered		Wading Room	Heliocentri City	https://soundcloud.com/spla7ne/heliocentri-city	Wading Room - Heliocentri City	Splatoon 3
1.000	gathered		Tinashe	Nasty (Match My Tweak) [Jane Remover Remix]	https://soundcloud.com/janeremover/tinashe-nasty-jane-remover-remix	Nasty (Match My Tweak Remix)	Tinashe, Jane Remover
1.000	gathered		Tyler, The Creator	SAFARI	https://soundcloud.com/tylerthecreatorofficial/tyler-the-creator-safari	SAFARI (C#mpic+35) (warbly)	Tyler, The Creator
1.000	gathered		underscores	Bozo bozo bozo	https://soundcloud.com/underscores/bbb	Bozo bozo bozo	underscores
1.000	gathered		underscores	Where did you fall	https://soundcloud.com/underscores/wdyf	Where did you fall	underscores
1.000	gathered		toby fox	Bergentrückung	https://soundcloud.com/undertale-ost/bergentrueckung	Toby Fox - Bergentrückung	UNDERTALE
1.000	gathered		Bo Burnham	I'm Bo Yo	https://soundcloud.com/bo-burnham/im-bo-yo	i'm bo yo.	Bo Burnham
1.000	gathered		Coco & Clair Clair	8 AM	https://soundcloud.com/cococlairclair/8-am	8 AM	Coco & Clair Clair
1.000	gathered		craterface	-12° (feat FRITZ and Aquinas)	https://soundcloud.com/craterfacetheonly/12-degree-master	-12°	craterface ft. FRITZ and Aquinas
1.000	gathered		Hayden Jason	Groovy	https://soundcloud.com/hayden-jason/groovy	Groovy!	Hayden Jason
1.000	gathered		Yu Miyake	WANDA WANDA	https://soundcloud.com/katamariislife/wanda-wanda	Yū Miyake - Wanda Wanda	Katamari Damacy
1.000	gathered		Yu Miyake	Angel Flavor's Present	https://soundcloud.com/katamariislife/angel-flavors-present	Yū Miyake - Angel Flavor's Present (Angel Gifts)	Katamari Damacy
1.000	gathered		Lonely Island (ft Justin Timberlake & Lady Gaga)	3-Way (The Golden Rule)	https://soundcloud.com/mythiic-x-aqua/lonely-island-ft-justin-2	3-Way (The Golden Rule)	The Lonely Island ft. Justin Timberlake & Lady Gaga
1.000	gathered		Pulsar	Love For A Tesseract	https://soundcloud.com/user-778151428/love-for-a-tesseract	Love For A Tesseract	Pulsar
1.000	gathered		Hideki Naganuma	Ska Cha Cha (Digital Remakin' Trax)	https://soundcloud.com/sonicg502-the-robohog/ska-cha-cha-digital-remakin-trax	Hideki Naganuma - Ska Cha Cha	Sonic Rush
1.000	gathered		Three Against Four	Jump, Bink!	https://soundcloud.com/threeagainstfourofficial/jump-bink-1	Jump, Bink!	Three Against Four
1.000	gathered		Tyler, The Creator	WHARF TALK (feat. A$AP Rocky)	https://soundcloud.com/tylerthecreatorofficial/tyler-the-creator-feat-a-ap	WHARF TALK	Tyler, The Creator ft. A$AP Rocky
1.000	gathered		underscores	The fish song	https://soundcloud.com/underscores/tfs	The fish song	underscores
1.000	gathered		wii play	fishing results	https://soundcloud.com/user492183215/wii-play-fishing-results	Results (Shooting Range)	Wii Play
1.000	gathered		BBY GOYARD	SHMAKIN TOWN (GASZIA FOOTWORK SPEEDRUN) ᵀᴴᴵˢ ˢᴼᴺᴳ ᵂᴵᴸᴸ ᴾᴼˢˢᴱˢˢ ʸᴼᵁᴿ ˢᴼᵁᴸ	https://soundcloud.com/dustyy77/shmakin-town-gaszia-footwork	SHMAKIN TOWN (GASZIA FOOTWORK SPEEDRUN) ᵀᴴᴵˢ ˢᴼᴺᴳ ᵂᴵᴸᴸ ᴾᴼˢˢᴱˢˢ ʸᴼᵁᴿ ˢᴼᵁᴸ	BBY GOYARD
1.000	gathered		Bizarrap, Shakira	Shakira: Bzrp Music Sessions, Vol. 53	https://soundcloud.com/bizarrap/bizarrap-shakira-shakira-bzrp	Shakira: Bzrp Music Sessions, Vol. 53	Bizarrap, Shakira
1.000	gathered		Black Rob	Star in da Hood	https://soundcloud.com/black-rob-official/star-in-da-hood-amended	Star in da Hood (i'm gangsta)	Black Rob
1.000	gathered		Reso	Iridium	https://soundcloud.com/bomb-rush-cyberfunk-ost/reso-iridium	Reso - Iridium	Bomb Rush Cyberfunk
1.000	gathered		Ethan Goldhammer	In The Pocket	https://soundcloud.com/bomb-rush-cyberfunk-ost/ethan-goldhammer-in-the-pocket	Ethan Goldhammer - In the Pocket	Bomb Rush Cyberfunk
1.000	gathered		KiloWatts	Two Days Off	https://soundcloud.com/bomb-rush-cyberfunk-ost/kilowatts-two-days-off	KiloWatts - Two Days Off	Bomb Rush Cyberfunk
1.000	gathered		Casper McFadden	anything goes	https://soundcloud.com/909worldwide/anything-goes	anything goes	Casper McFadden
1.000	gathered		Charli xcx	Cloud Aura (feat. Brooke Candy)	https://soundcloud.com/charlixcx/charli-xcx-cloud-aura-feat	Cloud Aura	Charli XCX ft. Brooke Candy
1.000	gathered		GESAFFELSTEIN	𒅒PSYCHO (KAVARI CLUB MIX)𒈔	https://soundcloud.com/dustyy77/psycho-kavari-club-mix	𒅒PSYCHO (KAVARI CLUB MIX)𒈔	GESAFFELSTEIN
1.000	gathered		gupi	Party Don't Start Til I Fuckin Walk In (Fuck Tha Cops Mix) feat. Mickey Jesus	https://soundcloud.com/gupimusic/partydontstart	Party Don't Start Til I Fuckin Walk In (Fuck Tha Cops Mix) (tik tok)	gupi ft. Mickey Jesus
1.000	gathered		Gunna	fukumrumeanᵉᵉᵉʸᵃʰ (sped up & double-reversed) [137.73bpm]	https://soundcloud.com/dustyy77/fukumrumean-sped-up-double	fukumrumeanᵉᵉᵉʸᵃʰ (sped up & double-reversed) [137.73bpm] (fukumean)	Gunna
1.000	gathered		Hikaru Utada	Somewhere Near Marseilles	https://soundcloud.com/hikaruutada/somewhere-near-marseilles	Somewhere Near Marseilles (マルセイユ辺り)	Hikaru Utada
1.000	gathered		Kaskade	Kaskade "C-3PO's Plight"	https://soundcloud.com/hollywoodrecords/kaskade-c-3pos-plight-star-wars-headspace	C-3PO's Plight	Kaskade
1.000	gathered		Hideki Tobeta, Yui Asaka	Katamaritaino	https://soundcloud.com/katamariislife/katamaritaino	Hideki Tobeta, Yui Asaka & Mika Sato - Katamaritaino (Roll Me In)	Katamari Damacy
1.000	gathered		leroy	BACK DOOR EXIT ---- IVE got a cr*sh on you	https://soundcloud.com/c0ncernn/from-the-back	BACK DOOR EXIT ---- IVE got a cr*sh on you	leroy
1.000	gathered		Model Poetry	Bullying? x4 but Did You Know... How Much Heaven Loves You? (umru edit) «136.05BulliesPerMinute»	https://soundcloud.com/dustyy77/bullying-x4-but-did-you-know	Bullying? Bullying? Bullying? Bullying? but Did You Know... How Much Heaven Loves You? (umru edit) «136.05BulliesPerMinute»	Model Poetry
1.000	gathered		N-Joi	Anthem	https://soundcloud.com/nathan-aaron-340456714/n-joi-anthem	Anthem (i'm in love with you)	N-Joi
1.000	gathered		Océane	⚿ {demo}	https://soundcloud.com/dustyy77/demo	⚿ {demo}	océane
1.000	gathered		Persona 5	Last Surprise	https://soundcloud.com/carlos-aguayo-39728213/persona-5-last-surprise	Last Surprise (never see it coming)	Persona 5
1.000	gathered		Pokémon Red and Blue	unused track (trading)	https://soundcloud.com/user-344694651/pokemon-red-and-blue-unused	Unused Track	Pokémon Red and Blue
1.000	gathered		Primus	Wynona's Big Brown Beaver	https://soundcloud.com/primus-official/wynonas-big-brown-beaver-album	Wynona's Big Brown Beaver	Primus
1.000	gathered		Sonic CD - 20TH Gold CD1	1-23 Wacky Workbench 'P' Mix	https://soundcloud.com/sonic-cd-the-best-sonic/1-23-wacky-workbench-p-mix	Wacky Workbench (Bad Future) (JP)	Sonic CD
1.000	gathered		Shark Bytes [Off The Hook]	Splatoon 2 Octo Expansion	https://soundcloud.com/damein-baker-3/shark-bytes-off-the-hook	Off The Hook - Shark Bytes	Splatoon 2: Octo Expansion
1.000	gathered		Splatoon 3 OST	Daybreaker Anthem - Deep Cut	https://soundcloud.com/splat-tim-355603780/splatoon-3-ost-daybreaker-1	Deep Cut - Daybreaker Anthem	Splatoon 3
1.000	gathered		umru & DJH	Find You ft. BABii (dontloveme euphoric club mix) ᯓ.𖥔	https://soundcloud.com/dustyy77/find-you-ft-babii-dontloveme	Find You (dontloveme euphoric club mix) ᯓ.𖥔	umru & DJH ft. BABii
1.000	gathered	version	X-Ray Spex	Oh Bondage Up Yours! (Live)	https://soundcloud.com/x-ray-spex/oh-bondage-up-yours-live	Oh Bondage, Up Yours!	X Ray Spex
1.000	gathered		99 Neighbors	Fuck No (feat. Brasstracks & PhiloSofie)	https://soundcloud.com/99neighbors/fuck-no	Fuck No	99 Neighbors ft. Brasstracks & PhiloSofie
1.000	gathered		Animal Crossing: New Horizons	Official Main Theme	https://soundcloud.com/kegaltongaming/animal-crossing-new-horizons-1	Main Theme	Animal Crossing: New Horizons
1.000	gathered		Charli xcx	Track 10	https://soundcloud.com/charlixcx/track-10	Track 10 (blame it on your love)	Charli XCX
1.000	gathered		dazegxd	till we drop (unmixed) [##21]	https://soundcloud.com/dazegxd/till-we-drop-unmixed	till_we_drop_unmixed	dazegxd
1.000	gathered		Lonely Island (ft Adam Levine & Kendrick Lamar)	YOLO	https://soundcloud.com/mythiic-x-aqua/lonely-island-ft-adam-levine	YOLO	The Lonely Island ft. Adam Levine & Kendrick Lamar
1.000	gathered		Manfred Mann's Earth Band	Blinded By The Light	https://soundcloud.com/h-mayor/manfred-earth-blinded-by-the	Blinded by the Light	Manfred Mann's Earth Band
1.000	gathered		Pictureplane	Goth Star	https://soundcloud.com/kinzaza/pictureplane-goth-star	Goth Star (gothstar) (seven wonders)	Pictureplane
1.000	gathered		Tsunku♂	Frog Hop ~ Italian (Rana Rock)	https://soundcloud.com/finndookiebutt/italian-rana-rock	Tsunku♂ - Frog Hop (Young Love Rock 'n' Roll)	Rhythm Heaven
1.000	gathered		ROSALÍA	HENTAI	https://soundcloud.com/rosaliaofficial/hentai	HENTAI (so so so good)	ROSALÍA
1.000	gathered		Shinichi Osawa	Star Guitar (Popular Computer Remix)	https://soundcloud.com/shinichiosawa/star-guitar-popular-computer	Star Guitar (Popular Computer Remix)	Shinichi Osawa
1.000	gathered		Crush 40	Sonic Heroes	https://soundcloud.com/faded_boo/credits-2	Crush 40 - Sonic Heroes	Sonic Heroes
1.000	gathered		Super Mario Sunshine OST	Event	https://soundcloud.com/aquatis-gd/super-mario-sunshine-ost-event	Event	Super Mario Sunshine
1.000	gathered		Triple_sSs	YTPMV-Big Beat Mario	https://soundcloud.com/ernesto3902832/ytpmv-big-beat-mario	YTPMV: Big Beat Mario	Triple_sSs
1.000	gathered		Tyler, The Creator	WILSHIRE	https://soundcloud.com/tylerthecreatorofficial/tyler-the-creator-wilshire	WILSHIRE	Tyler, The Creator
1.000	gathered		kidkanevil	Big City Life ft OV (written by G. Roberts and P. Mukhi)	https://soundcloud.com/bomb-rush-cyberfunk-ost/kidkanevil-big-city-life-ft-ov	kidkanevil - Big City Life	Bomb Rush Cyberfunk
1.000	gathered		Olli	Precious Thing	https://soundcloud.com/bomb-rush-cyberfunk-ost/olli-precious-thing	Olli - Precious Thing (ass)	Bomb Rush Cyberfunk
1.000	gathered		CactusTeam	Refraction	https://soundcloud.com/cactusteam/refraction	Refraction	CactusTeam
1.000	gathered		CFCF	Fill Me In After The After (Craig David Bootleg)	https://soundcloud.com/cfcf/fill-me-in-after-the-after-craig-david-bootleg	Fill Me In After the After (Craig David Bootleg)	CFCF
1.000	gathered		Toby Fox	Deltarune - 40 Before the Story	https://soundcloud.com/user-27299133/toby-fox-deltarune-40-before-the-story	Toby Fox - Before The Story	DELTARUNE Chapter 2
1.000	gathered		Hikaru Utada	PINK BLOOD	https://soundcloud.com/hikaruutada/pink-blood	PINK BLOOD	Hikaru Utada
1.000	gathered		James Brown	Get Up I Feel Like Being A Sex Machine	https://soundcloud.com/james-brown-music/get-up-i-feel-like-being-a	Get Up (I Feel Like Being a) Sex Machine	James Brown
1.000	gathered	version	Lil Wayne Ft. Future & Drake	Good Kush And Alcohol   Bitches Love Me Instrumental With Hook	https://soundcloud.com/dj-bbcoo2/lil-wayne-ft-future-drake-good	Love Me (my bitches love me) (good kush and alcohol	Lil Wayne ft. Drake, Future
1.000	gathered		The Lonely Island	Hugs (feat. Pharrell Williams)	https://soundcloud.com/thelonelyisland/hugs	Hugs	The Lonely Island ft. Pharrell
1.000	gathered		C418	Beginning 2	https://soundcloud.com/user-970291039/c418-beginning-2	C418 - Beginning 2 (menu3.ogg)	Minecraft
1.000	gathered		Lisa Miskovsky ft.CarlosBad	Still Alive (Mirrors Edge Theme)	https://soundcloud.com/carlos-sansano-pavon/lisa-miskovsky-ft-carlosbad	Lisa Miskovsky - Still Alive	Mirror's Edge
1.000	gathered		Hideki Naganuma	What U Need (half speed / drunk version)	https://soundcloud.com/smokeweedmlg/sonic-rush-what-u-need-half-speed-drunk-version	Hideki Naganuma - What U Need (what you need) (feeling hot)	Sonic Rush
1.000	gathered		Turquoise October	Octoling Rendezvous	https://soundcloud.com/dj-tenta-kill/turquoise-october-octoling-rendezvous-final-checkpoint	Turquoise October - Octoling Rendezvous	Splatoon
1.000	gathered		tracey brakes	wonderloud (flutterwonder tracey brakes the club sub remix)	https://soundcloud.com/traceybrakes/wonderloud-flutterwonder-tracey-brakes-the-club-sub-remix	wonderloud (flutterwonder tracey brakes the club sub remix)	tracey brakes
1.000	gathered		Tyler, The Creator	MASSA	https://soundcloud.com/tylerthecreatorofficial/tyler-the-creator-massa	MASSA	Tyler, The Creator
1.000	gathered		YEAT	Gët Busy (prod. Flansie Skimayne)	https://soundcloud.com/lilyeat/get-busy-prod-flansie-skimayne	Gët Busy (bell)	Yeat
1.000	gathered		Yeat	Breathe	https://soundcloud.com/lilyeat/breathe	Breathe	Yeat
1.000	gathered		deadmau5	Brazil (2nd Edit)	https://soundcloud.com/deadmau5/brazil-2nd-edit-1	Brazil (2nd Edit)	deadmau5
1.000	gathered		onlytom	EVER	https://soundcloud.com/trekkie-trax/ever	EVER	onlytom
1.000	gathered		Super Mario Sunshine OST	Pinna Beach	https://soundcloud.com/aquatis-gd/super-mario-sunshine-ost-pinna-beach	Pinna Beach	Super Mario Sunshine
1.000	gathered		Tyler, The Creator	HEAVEN TO ME	https://soundcloud.com/tylerthecreatorofficial/tyler-the-creator-heaven-to-me	HEAVEN TO ME (heaven only knows)	Tyler, The Creator
1.000	gathered		2 Mello	Pump Up The Love	https://soundcloud.com/2mello/pump-up-the-love	Pump Up the Love	2 Mello
1.000	gathered		2 Mello	Midnight In Tokyo-to (ft. Anton Corazza)	https://soundcloud.com/2mello/midnight-in-tokyo-to	Midnight in Tokyo-To	2 Mello
1.000	gathered		A.J. & Big Justice	We Bring The BOOM!	https://soundcloud.com/a-j-big-justice/we-bring-the-boom	We Bring The BOOM! (costco guys)	A.J. & Big Justice
1.000	gathered		KiloWatts	Scraped On The Way Out	https://soundcloud.com/bomb-rush-cyberfunk-ost/kilowatts-scraped-on-the-way-out	KiloWatts - Scraped On The Way Out	Bomb Rush Cyberfunk
1.000	gathered		Cash Cobain, Bay Swag	fisherrr	https://soundcloud.com/cashcobainmhpg/fisherrr	Fisherrr (for sure)	Cash Cobain
1.000	gathered		Deejay Chainwallet	drukhari webway path	https://soundcloud.com/909worldwide/drukhari-webway-path	drukhari webway path	Deejay Chainwallet
1.000	gathered		Frédéric Chopin, Francesco Fusilli	Prelude in E minor	https://soundcloud.com/chopin-official/prelude-in-e-minor	Prelude in E-Minor (op.28 no. 4)	Frédéric Chopin
1.000	gathered		Gorillaz	Every Planet We Reach Is Dead	https://soundcloud.com/gorillaz/every-planet-we-reach-is-dead	Every Planet We Reach Is Dead	Gorillaz
1.000	gathered		Hikaru Utada	Traveling (Remastered 2018)	https://soundcloud.com/hikaruutada/traveling-2	traveling	Hikaru Utada
1.000	gathered		Hikaru Utada	Can You Keep A Secret? (Remastered 2018)	https://soundcloud.com/hikaruutada/can-you-keep-a-secret-2	Can You Keep A Secret?	Hikaru Utada
1.000	gathered		Kevin Abstract	Blanket	https://soundcloud.com/kevinabstract/blanket	BLANKET	Kevin Abstract
1.000	gathered		Medcab	I'm a Man (The Young Punx Mix)	https://soundcloud.com/theyoungpunx/medcab-im-a-man-the-young-punx	I'm a Man (The Young Punx Mix)	Medcab
1.000	gathered		Medcab	Dance (The Young Punx Mix)	https://soundcloud.com/theyoungpunx/medcab-dance-the-young-punx	Dance (The Young Punx Mix)	Medcab
1.000	gathered		C418	Moog City 2	https://soundcloud.com/user-970291039/c418-moog-city-2	C418 - Moog City 2 (menu2.ogg)	Minecraft
1.000	gathered		N.E.R.D, Lee Harvey, Vita, Paul Oakenfold	Lapdance (Paul Oakenfold Swordfish Mix)	https://soundcloud.com/nerd/lapdance-feat-lee-harvey-1	Lapdance	N.E.R.D ft. Vita, Lee Harvey
1.000	gathered		Niko Vertovec	Self-Reflection	https://soundcloud.com/caucau-96311896/self-reflection	Self-Reflection	Niko+
1.000	gathered		Nine Inch Nails	Starfuckers, Inc.	https://soundcloud.com/nineinchnails/starfuckers-inc-album-version	Starfuckers, Inc.	Nine Inch Nails
1.000	gathered		Psycho	The Murder	https://soundcloud.com/liamjboyle/psycho-the-murder	The Murder (shower scene)	Psycho
1.000	gathered		Rosalia Ft Chencho Corleone	Candy Remix	https://soundcloud.com/rap-music-rd/rosalia-ft-chencho-corleone-candy-remix	CANDY (Remix)	ROSALÍA ft. Chencho Corleone
1.000	gathered		Sonic Forces OST	Fist Bump	https://soundcloud.com/user-304781955/sonic-forces-ost-fist-bump	Fist Bump	Sonic Forces
1.000	gathered		Buoyant Boogie- Turquoise October	Splatoon 2 -	https://soundcloud.com/963mlp/buoyant-boogie-octocool-splatoon-2-music-extended	Turquoise October - Buoyant Boogie	Splatoon 2
1.000	gathered		Bonfire	Blop Bop	https://soundcloud.com/spla7ne/blop-bop	Bonfire - Blop Bop	Splatoon 3
1.000	gathered		Tyler, the Creator	PEACH FUZZ	https://soundcloud.com/14602w/tyler-the-creator-peach-fuzz	PEACH FUZZ	Tyler, The Creator
1.000	gathered		Tyler, The Creator	RISE! (feat. DAISY WORLD)	https://soundcloud.com/tylerthecreatorofficial/tyler-the-creator-rise	RISE!	Tyler, The Creator ft. DAISY WORLD
1.000	gathered		Tyler, The Creator	Thought I Was Dead (feat. ScHoolboy Q & Santigold)	https://soundcloud.com/tylerthecreatorofficial/thought-i-was-dead	Thought I Was Dead	Tyler, The Creator ft. ScHoolboy Q & Santigold
1.000	gathered		toby fox	Danger Mystery	https://soundcloud.com/undertale-ost/danger-mystery	Toby Fox - Danger Mystery (notes are E~F F~F# F#~G)	UNDERTALE
1.000	gathered		Y2K, Lil Aaron	DAMN	https://soundcloud.com/y2k2y/damn	DAMN	Y2K & lil aaron
1.000	gathered		The Young Punx	Wake Up, Make Up, Bring It Up, Shake Up	https://soundcloud.com/theyoungpunx/wake-up-make-up-bring-it-up	Wake Up, Make Up, Bring It Up, Shake Up	The Young Punx
1.000	gathered		Barenaked Ladies	Theme From The Big Bang Theory (Original Television Version)	https://soundcloud.com/barenaked-ladies/theme-from-the-big-bang-1	Barenaked Ladies - Big Bang Theory Theme	The Big Bang Theory
1.000	gathered		digboye	Witchin' Hour (Rude's Theme) #JETSETSONA	https://soundcloud.com/fkanotdigboy/witchin-hour	Witchin' Hour (Rude's Theme) #JETSETSONA	digboy
1.000	gathered		153- Earthbound	Smiles And Tears	https://soundcloud.com/user-157797119/153-earthbound-smiles-and-tears	Smiles and Tears	Earthbound
1.000	gathered		Epic Games, Inc. (d.b.a. Bandcamp)	Fortnite Emote (Ballads Edit)	https://soundcloud.com/dustyy77/fortnite-emote-ballads-edit	Fortnite Emote (Ballads Edit)	Epic Games, Inc. (d.b.a. Bandcamp)
1.000	gathered		Gorillaz	Superfast Jellyfish (feat. Gruff Rhys and De La Soul)	https://soundcloud.com/gorillaz/superfast-jellyfish-feat-gruff	Superfast Jellyfish	Gorillaz ft. De La Soul
1.000	gathered		I Am Robot and Proud	Me vs. Heidi	https://soundcloud.com/iamrobotandproud/me-vs-heidi	Me vs. Heidi (Robot vs. Heidi)	I am Robot and Proud
1.000	gathered		emamouse	Night Night OuiOui	https://soundcloud.com/emamouse2/night-night-ouioui	Emamouse - Night Night OuiOui	itemLabel
1.000	gathered		Barry Louis Polisar	All I Want Is You (Juno Soundtrack)	https://soundcloud.com/ricky_956/barry-louis-polisar-all-i-want-is-you-juno-soundtrack	Barry Louis Polisar - All I Want Is You	JUNO
1.000	gathered		MOTHERF★CKER	WHERES YO HEAD @ 140BPM [DL IN DESC]	https://soundcloud.com/dancemotherfucker/wheres-yo-head-at	WHERES YO HEAD @ (basement jaxx)	MOTHERF★CKER
1.000	gathered		P!nk	Fuckin Perfect	https://soundcloud.com/carla-azzahara/p-nk-fuckin-perfect	Fuckin' Perfect	P!nk
1.000	gathered		Remi Wolf	Sexy Villain	https://soundcloud.com/remi-wolf/sexy-villain	Sexy Villain (doin it right)	Remi Wolf
1.000	gathered		Rhett And Link	Rub Some Bacon On It	https://soundcloud.com/hunter-kye/rhett-and-link-rub-some-bacon-on-it	Rub Some Bacon on It	Rhett & Link
1.000	gathered		Into The Light [Off The Hook]	Splatoon 2 Octo Expansion	https://soundcloud.com/damein-baker-3/into-the-light-off-the-hook	Off the Hook - Into the Light	Splatoon 2: Octo Expansion
1.000	gathered		Dj Real Sole	New You (bisk) (Splatoon 2 OST)	https://soundcloud.com/lolbitgxwolfer/new-you-bisk-dj-real-sole	DJ Real Sole - New You (Headspace)	Splatoon 2
1.000	gathered		Spongebob Squarepants	Gary's Song	https://soundcloud.com/spongebobsquarepantsmusic/garys-song	Gary's Song (gary come home)	Spongebob Squarepants
1.000	gathered		Koji Kondo	Super Mario Advance 2: Super Mario World: Intro Theme and Title Screen	https://soundcloud.com/alexthetoon/super-mario-world-intro-theme	Koji Kondo - Title Theme	Super Mario World
1.000	gathered		swedm®	CT 1 INTRO	https://soundcloud.com/swedminternational/ct-1-intro	CT 1 INTRO	swedm®
1.000	gathered		underscores	70%	https://soundcloud.com/underscores/70p	70% (i don't wanna die young)	underscores
1.000	gathered		underscores	Dry land 2001 (feat. Knapsack)	https://soundcloud.com/underscores/dl2	Dry land 2001	underscores
1.000	gathered		toby fox	Confession	https://soundcloud.com/undertale-ost/confession	Toby Fox - Confession	UNDERTALE
1.000	gathered		2 Mello	Tag Walls, Punch Fascists	https://soundcloud.com/2mello/tag-walls-punch-fascists	Tag Walls, Punch Fascists	2 Mello
1.000	gathered		Sebastian Knight	Feel The Funk (Computer Love)	https://soundcloud.com/bomb-rush-cyberfunk-ost/sebastian-knight-feel-the-funk-computer-love	Feel The Funk	Sebastian Knight
1.000	gathered		KiloWatts	Last Hoorah	https://soundcloud.com/bomb-rush-cyberfunk-ost/kilowatts-last-hoorah	KiloWatts - Last Hoorah	Bomb Rush Cyberfunk
1.000	gathered		Knxwledge	Hwbouths	https://soundcloud.com/bomb-rush-cyberfunk-ost/knxwledge-hwbouths	Knxwledge - hwbouths	Bomb Rush Cyberfunk
1.000	gathered		Brooke Candy	(official) "CUM" remix ft. SOPHIE	https://soundcloud.com/msmsmsmarchive/brooke-candy-official-cum	CUM (remix)	Brooke Candy ft. SOPHIE
1.000	gathered		Charli XCX, Far East Movement	unlock it + like a g6 + trophy	https://soundcloud.com/ceborinhaxcx/unlock-it-like-a-g6-trophy	Like a G6	Charli XCX
1.000	gathered		Curve	Falling Free (Aphex Twin Mix)	https://soundcloud.com/curve-official/falling-free-aphex-twin-mix	Falling Free (Aphex Twin Mix)	Curve
1.000	gathered		Fortnite Game Music	Smooth Moves - Dance Emote Music	https://soundcloud.com/nitegamic/fortnite-smooth-moves-dance-emote-music	Dance Moves (default dance)	Fortnite
1.000	gathered		Hikaru Utada	Automatic (2024 Mix)	https://soundcloud.com/hikaruutada/automatic-2024-mix	Automatic	Hikaru Utada
1.000	gathered		Juicy J	HELLA FUCKIN' TRAUMA (ENOUGH IS ENOUGH)	https://soundcloud.com/juicyjmusic/hella-fuckin-trauma-1	Hella Fuckin' Trauma	Juicy J
1.000	gathered		The Lonely Island	Jack Sparrow (Featuring Michael Bolton)	https://soundcloud.com/bayasal-zorig/the-lonely-island-jack-sparrow	Jack Sparrow	The Lonely Island ft. Michael Bolton
1.000	gathered		Lonely Island (ft Nicki Minaj & John Waters)	The Creep	https://soundcloud.com/mythiic-x-aqua/lonely-island-ft-nicki-minaj	The Creep	The Lonely Island ft. Nicki Minaj & John Waters
1.000	gathered		Lonely Island (ft Julian Casablancas)	Boombox	https://soundcloud.com/mythiic-x-aqua/lonely-island-ft-julian	Boombox	The Lonely Island ft. Julian Casablancas
1.000	gathered		Maple	Proper Squeaky Tune	https://soundcloud.com/909worldwide/proper-squeaky-tune	Proper Squeaky Tune	Maple
1.000	gathered		Ocean Grove	SEX DOPE GOLD	https://soundcloud.com/oceangroveofficial/sex-dope-gold	SEX DOPE GOLD (it makes me laugh) (harder and harder again)	Ocean Grove
1.000	gathered		Sexyy Red	SkeeYee	https://soundcloud.com/sexyyred/skeeyee	SkeeYee (pianohop)	Sexyy Red
1.000	gathered		Snow Strippers & Lil Uzi Vert	ᴠͥɪͣᴘͫ•It's A Dream (umru backstab) 146ᵇᵖᵐ•ᴠͥɪͣᴘͫ	https://soundcloud.com/dustyy77/oits-a-dream-umru-backstab-146	ᴠͥɪͣᴘͫ•It's A Dream (umru backstab) 146ᵇᵖᵐ•ᴠͥɪͣᴘͫ	Snow Strippers & Lil Uzi Vert
1.000	gathered		Snow Strippers	Just A Hint	https://soundcloud.com/snowstrippers/just-a-hint-2	Just A Hint (you know where it happened)	Snow Strippers
1.000	gathered		Hideki Naganuma	Bomber Barbara	https://soundcloud.com/sonicg502-the-robohog/bomber-barbara	Hideki Naganuma - Bomber Barbara	Sonic Rush
1.000	gathered	version	23	Pink Soldiers (Squid Game)(HÄWK VIP Edit)	https://soundcloud.com/iamhawkdj/23-pink-soldiers-squid-gamehawk-vip-edit	23 - Pink Soldiers (microtonal)	Squid Game
1.000	gathered		Sue DJ, La La Life	Be True	https://soundcloud.com/suedj-music/be-true	Be True	Sue DJ, La La Life
1.000	gathered		umru & DJH ft. BABii	find_u_selfie_remix.mp3	https://soundcloud.com/dustyy77/find_u_selfie_remix-mp3	find_u_selfie_remix.mp3	umru & DJH ft. BABii
1.000	gathered		Bo Burnham	Oh Bo (Studio)	https://soundcloud.com/bo-burnham/oh-bo-studio	oh bo.	Bo Burnham
1.000	gathered		chk!dsk	hell of a time	https://soundcloud.com/909worldwide/hell-of-a-time	hell of a time	chk!dsk
1.000	gathered		Fortnite x Major Lazer	Default Fire	https://soundcloud.com/v6z/fortnite-x-major-lazer-default-fire	Major Lazer - Default Fire	Fortnite
1.000	gathered		emamouse	PPPP PaPiPuPePo	https://soundcloud.com/emamouse2/pppp-papipupepo	Emamouse - PPPP PaPiPuPePo	itemLabel
1.000	gathered		Los Del Rio	La Macarena (original)	https://soundcloud.com/hang-bebu/los-del-rio-la-macarena-original	La Macarena	Los Del Rio
1.000	gathered		[LoveLive] µ	Natsuiro Egao de 1, 2 Jump (SOUNDSCVPE  Ver.)	https://soundcloud.com/soundscvpe-mewsic/natsuiro-egao-de-1-2-jump-soundscvpe-ver	μ’s- Natsuiro Egao de 1,2,Jump!	Love Live!
1.000	gathered		Metro Boomin	BBL DRIZZY BPM 150.mp3	https://soundcloud.com/metroboomin/bbl-drizzy-bpm-150-mp3	BBL DRIZZY BPM 150.mp3	Metro Boomin
1.000	gathered	version	Oneohtrix Point Never	Zebra (Napolian Edit)	https://soundcloud.com/gunsandsynths/oneohtrix-point-never-zebra	Zebra	Oneohtrix Point Never
1.000	gathered		2 Mello	Memories Of Tokyo-To - Here I Go	https://soundcloud.com/derp-online-501/2-mello-memories-of-tokyo-to	Here I Go	2 Mello
1.000	gathered		Bee Oil	Yoyo	https://soundcloud.com/909worldwide/yoyo	Yoyo	Bee Oil
1.000	gathered		Bx'treme	AGUA	https://soundcloud.com/bomb-rush-cyberfunk-ost/bxtreme-agua	Bx'treme - Agua	Bomb Rush Cyberfunk
1.000	gathered		Brooke Candy	My Sex ft. Pussy Riot, Mykki Blanco & MNDR	https://soundcloud.com/brookecandy/my-sex-ft-pussy-riot-mykki-blanco-mndr	My Sex	Brooke Candy ft. Pussy Riot, Mykki Blanco, MNDR
1.000	gathered		Daft Punk	Burnin' (DJ Sneak Mongowarrier Mix)	https://soundcloud.com/daftpunkofficialmusic/burnin-dj-sneak-mongowarrier	Burnin' (DJ Sneak Mongowarrier Mix)	Daft Punk
1.000	gathered		Destiny's Child	Independent Women, Pt. 1	https://soundcloud.com/destinys-child-official/independent-women-pt-i-3	Independent Women, Pt. 1	Destiny's Child
1.000	gathered		Digitalism	Home Zone	https://soundcloud.com/digitalism_official/home-zone	Home Zone (biggest party ever)	Digitalism
1.000	gathered		DJ SMOKEY	nukes are now legal (feat. max2k10)	https://soundcloud.com/smoke-gang-beatz/dj-smokey-nukes-are-now-legal-feat-max2k10	nukes are now legal	dj smokey ft. max2k10
1.000	gathered		Hikaru Utada	Movin' On Without You	https://soundcloud.com/hikaruutada/movin-on-without-you	Movin' on without you (tribalmix)	Hikaru Utada
1.000	gathered	version	James Blake ft. Travis Scott and Metro Boomin	Mile High (Re-prod. Cover)	https://soundcloud.com/melisazeyy/allahin-izniyle-son-hali	Mile High	James Blake ft. Travis Scott and Metro Boomin
1.000	gathered		Kelsey Lu, Skrillex	Due West (Skrillex Remix)	https://soundcloud.com/kelseylu/due-west-skrillex-remix	Due West (Skrillex Remix)	Kelsey Lu
1.000	gathered		C418	Dry Hands	https://soundcloud.com/user-970291039/c418-dry-hands	C418 - Dry Hands (piano1.ogg)	Minecraft
1.000	gathered		Neil Cicierega	Aaron- Neil Cicierega	https://soundcloud.com/riley-larsen-2/aaron	Aaron	Neil Cicierega
1.000	gathered		Ozzy Osbourne and Lemmy from Motörhead	Hellraiser (30th Anniversary Edition)	https://soundcloud.com/ozzy-osbourne-official/hellraiser-30th-anniversary	Hellraiser	Ozzy Osbourne ft. Lemmy, Motörhead
1.000	gathered		The Prodigy	Firestarter (Alvin Risk Remix)	https://soundcloud.com/theprodigy/firestarter-alvin-risk-remix	Firestarter (Alvin Risk Remix)	The Prodigy
1.000	gathered		Pulsar	MNPLY Part 2	https://soundcloud.com/user-778151428/mnply-part-2	MNPLY Part 2	Pulsar
1.000	gathered	version	RhettandLinkMusic	Epic Rap Battle  Nerd Vs Geek (Instrumental)	https://soundcloud.com/rhettandlinkmusic/epic-rap-battle-nerd-vs-geek-instrumental	Epic Rap Battle: Nerd vs. Geek	Rhett & Link
1.000	gathered		six impala	eyes in the water	https://soundcloud.com/siximpala/eyesinthewater	eyes in the water	six impala
1.000	gathered		Splatoon 2 OST	(Off The Hook) "Color Pulse" Pearl and Marina Theme	https://soundcloud.com/justallmusic/splatoon-2-pearl-and-marina-theme-off-the-hook	Off the Hook - Color Pulse (Inkopolis News) (splatfest)	Splatoon 2
1.000	gathered		Tyler, The Creator	SORRY NOT SORRY	https://soundcloud.com/tylerthecreatorofficial/tyler-the-creator-sorry-not	SORRY NOT SORRY	Tyler, The Creator
1.000	gathered		The Young Punx	FRESH SQUID! (Red Light)	https://soundcloud.com/theyoungpunx/fresh-squid-red-light-green	FRESH SQUID! (Red Light, Green Light Theme) (squid game)	The Young Punx
1.000	gathered		Aj simons & umru	Aj simons & umru, 'Hate it, love it' (2021). Courtesy AQNB, London; Los Angeles.	https://soundcloud.com/aqnb/aj-simons-umru-hate-it-love-it-2021-courtesy-aqnb-london-los-angeles	hate it love it	Aj simons ft. umru
1.000	gathered		Doechii	HIDE N SEEK	https://soundcloud.com/iam-doechii/hide-n-seek	HIDE N SEEK	Doechii
1.000	gathered		Eminem	Ass Like That	https://soundcloud.com/eminemofficial/ass-like-that-1	Ass Like That	Eminem
1.000	gathered		gabby start	kiss	https://soundcloud.com/gabbystart/kiss-2	kiss	gabby start
1.000	gathered		Geese	3D Country	https://soundcloud.com/geeseband/3d-country-1	3D Country	Geese
1.000	gathered		Kids & Explosions	Things You Should Know	https://soundcloud.com/kidsandexplosions/thingsyoushouldknow	Things You Should Know	Kids & Explosions
1.000	gathered		Lauv	f*ck, i'm lonely (with Anne-Marie)	https://soundcloud.com/themusicstudioofficial/lauv-fck-im-lonely-with-anne-marie	f*ck, i'm lonely (fuck)	Lauv ft. Anne-Marie
1.000	gathered		C418	Wet Hands (Minecraft) [Frenchcore]	https://soundcloud.com/vilaso-17955033/c418-wet-hands-minecraft-frenchcore-1	C418 - Wet Hands (piano2.ogg)	Minecraft
1.000	gathered		Ray Charles	I've got a woman	https://soundcloud.com/paulinesoa/ray-charles-ive-got-a-woman	I've Got A Woman	Ray Charles
1.000	gathered		Hideki Naganuma	A New Day	https://soundcloud.com/sonicg502-the-robohog/a-new-day	Hideki Naganuma - A New Day	Sonic Rush
1.000	gathered		Splatoon	Inkopolis Plaza Lobby Speakers	https://soundcloud.com/user-598425211/splatoon-3-inkopolis-plaza-lobby-speakers	Plaza Speakers D	Splatoon
1.000	gathered		Super Mario Sunshine OST	Too Bad!	https://soundcloud.com/vybenet/super-mario-sunshine-ost-too	Too Bad!	Super Mario Sunshine
1.000	gathered		underscores	Saltfields (The Layman's Ultimate 7-Step Guide to a Life of Poserdom: There’s nothing we can do!)	https://soundcloud.com/underscores/saltfields	Saltfields (There's nothing we can do) (dododo)	underscores
1.000	gathered		Alnaht	Faelings (Single version)	https://soundcloud.com/vivtov/alnaht-faelings-single-version	Faelings	Alnaht
1.000	gathered		A$AP Rocky	Purple Swag	https://soundcloud.com/asvpxrocky/purple-swag	Purple Swag	A$AP Rocky
1.000	gathered		BANKS	I Hate Your Ex-Girlfriend (feat. Doechii)	https://soundcloud.com/banksbanksbanks/i-hate-your-ex-girlfriend-feat	I HATE YOUR EX-GIRLFRIEND	Banks
1.000	gathered		Blank Banshee	Blank Banshee- 15. B:/ Shut down/Depression	https://soundcloud.com/user-662598674/blank-banshee-15-b-shut-downdepression	B:/ Shut Down / Depression	Blank Banshee
1.000	gathered		Proux	Funk Express (Extended Version)	https://soundcloud.com/bomb-rush-cyberfunk-ost/proux-funk-express-extended-version	PROUX - Funk Express	Bomb Rush Cyberfunk
1.000	gathered		Casper McFadden	isolashun	https://soundcloud.com/909worldwide/isolashun	isolashun (isolation)	Casper McFadden
1.000	gathered		charli_xcx	pinkdiamond♢petalsupply♢harder♢170ʙᴘᴍ.ₘₚ₃	https://soundcloud.com/dustyy77/pinkdiamond-petalsupply-harder	pinkdiamond♢petalsupply♢harder♢170ʙᴘᴍ.ₘₚ₃	charli_xcx
1.000	gathered	version	The Chemical Brothers	Song To The Siren (Live From Sabresonic Nightclub, United Kingdom / 1994)	https://soundcloud.com/thechemicalbrothers/song-to-the-siren-live	Song To The Siren	The Chemical Brothers
1.000	gathered		Crush (PSP3DS)	City 03 (B)	https://soundcloud.com/user-190278276/crush-psp3ds-city-03-b	City 03 B	CRUSH / CRUSH3D
1.000	gathered		Kill Trigger	The God Machines (feat. Paul Senai & KraKow)	https://soundcloud.com/zorya_yasnaya/the-god-machines-feat-paul-senai-krakow	Kill Trigger ft. Paul Senai & Krakow ( Sebastian Roberston, Kill the Computer, Indijinouz) - The God Machines	Cyberpunk 2077
1.000	gathered		DOGTOY	Heart Rate Rise	https://soundcloud.com/909worldwide/heart-rate-rise	Heart Rate Rise	DOGTOY
1.000	gathered		Hikaru Utada	Simple And Clean	https://soundcloud.com/hikaruutada/simple-and-clean	Simple And Clean	Hikaru Utada
1.000	gathered		Hikaru Utada	Addicted To You (Re-Recording)	https://soundcloud.com/hikaruutada/addicted-to-you-re-recording	Addicted To You	Hikaru Utada
1.000	gathered		Husky	Brothel	https://soundcloud.com/husky-archive/husky-brothel	Brothel	husky
1.000	gathered		Jack , Skrillex, Diplo	Jungle Bae (feat. Bunji Garlin & MX Prime)	https://soundcloud.com/cristiantorres-9/jungle-bae-feat-bunji-garlin-mx-prime	Jungle Bae	Jack Ü, Skrillex, Diplo ft. Bunji Garlin & MX Prime
1.000	gathered		Jackson From Online	gurnside	https://soundcloud.com/909worldwide/gurnside	gurnside	Jackson From Online
1.000	gathered		Jay Rock	Wow Freestyle (feat. Kendrick Lamar)	https://soundcloud.com/jayrockofficial/wow-freestyle-feat-kendrick	Wow Freestyle	Jay Rock ft. Kendrick Lamar
1.000	gathered		Kah-Lo	Exit Sign	https://soundcloud.com/kahlomusic/exit-sign	Exit Sign	Kah-Lo
1.000	gathered		Kanye West	Too Easy	https://soundcloud.com/den-steen_10200417/too-easy	Too Easy	Kanye West
1.000	gathered		leroy	move for me & the penultimate dagger	https://soundcloud.com/c0ncernn/s3-e11	move for me & the penultimate dagger	leroy
1.000	gathered		The Lonely Island	Threw It On The Ground (Album Version)	https://soundcloud.com/thelonelyisland/threw-it-on-the-ground-album	Threw It On The Ground	The Lonely Island
1.000	gathered		Mariah Carey	Dreamlover (Def Club Mix)	https://soundcloud.com/mariahcarey/dreamlover-def-club-mix	Dreamlover (Def Club Mix)	Mariah Carey
1.000	gathered		Martyn Bootyspoon	Venetian Bitch	https://soundcloud.com/dustyy77/venetian-bitch	Venetian Bitch	Martyn Bootyspoon
1.000	gathered		MC Niack	Bruna, TU JÁ PAROU PRA PENSAR - DJ WZL - COM GRAVE [GRAVES DO SUCESSO]	https://soundcloud.com/leonardo-jesus-639802846/mc-niack-bruna-tu-ja-parou-pra	Bruna,Tu Já Parou Pra Pensar (blue)	MC NIACK
1.000	gathered		Megan Thee Stallion	Like A G6 Freestyle (#MeganMonday)	https://soundcloud.com/user-570649350/megan-thee-stallion-like-a-g6	Like A G6 Freestyle	Megan Thee Stallion
1.000	gathered		Plants Vs Zombies End Credits	Theres A Zombie On Your Lawn	https://soundcloud.com/fedeex-5/plants-vs-zombies-end-credits	Zombie On Your Lawn	Plants vs Zombies
1.000	gathered		Pokémon The Series	XYZ English Opening Theme Song (Season 19)	https://soundcloud.com/platinum-xyz/pokemon-the-series-xyz-english-opening-theme-song-season-19	Pokémon Theme	Pokémon the Series
1.000	gathered		River Moon & umru	0khz_-_130_molly_annoying.mp3	https://soundcloud.com/dustyy77/0khz-130_molly_annoying-mp3	0khz_-_130_molly_annoying.mp3	River Moon & umru
1.000	gathered		Slayyyter	Erotic Electronic	https://soundcloud.com/slayyyter/erotic-electronic	Erotic Electronic (get naked)	Slayyyter
1.000	gathered		Sonic & Knuckles	Death Egg Zone Act 1	https://soundcloud.com/rman41/sonic-knuckles-death-egg-zone-act-1	Death Egg Zone (Act 2)	Sonic & Knuckles
1.000	gathered		Hideki Naganuma	Get Edgy (Altitude Limit) (Normal And Blazy Mix)	https://soundcloud.com/smokeweedmlg/sonic-rush-ost-get-edgy-normal-and-blazy-mix	Hideki Naganuma - Get Edgy	Sonic Rush
1.000	gathered		Splatoon 3	Suffer No Fools - Off the Hook VS Fire & Ice	https://soundcloud.com/pumpkinpie-326696652/splatoon-3-suffer-no-fools-off	Off the Hook VS Fire & Ice - Suffer No Fools	Splatoon 3
1.000	gathered		Deep Cut	Ego Overboard	https://soundcloud.com/andromeda-iscool/ego-overboard	Deep Cut - Ego Overboard	Splatoon 3
1.000	gathered		Teenage Bad Girl	USB Dick (Plug me in)	https://soundcloud.com/teenagebadgirl/usb-dick-plug-me-in	USB Dick	Teenage Bad Girl
1.000	gathered		Tenkitsune, Snappy	Sleep Deprived	https://soundcloud.com/tenkitsunemusic/sleep-deprived-feat-snappy	Sleep Deprived	Tenkitsune
1.000	gathered		bill wurtz	i'm a huge gamer most of the time	https://soundcloud.com/billwurtz/im-a-huge-gamer-most-of-the-time	i'm a huge gamer most of the time	bill wurtz
1.000	gathered		BJORK	FIVE YEARS  [STUDIO 1997]	https://soundcloud.com/kwek-kwek-841715095/bjork-five-years-studio-1997	Five Years (you can't handle love)	Björk
1.000	gathered		Caroline Polachek	Look At Me Now // Yung Skrrt Remix	https://soundcloud.com/yungskrrt/lookatmenow	Look At Me Now (Yung Skrrt Remix)	Caroline Polachek
1.000	gathered		CFCF	Heaven (feat. Sarah Bonito)	https://soundcloud.com/cfcf/heaven	Heaven (goodbye)	CFCF ft. Sarah Bonito
1.000	gathered		Cornershop	Brimful of Asha (Norman Cook Remix)	https://soundcloud.com/cornershop/brimful-of-asha-norman-cook-1	Brimful Of Asha (Norman Cook Remix)	Cornershop
1.000	gathered		daine	boythots	https://soundcloud.com/d4ine/boythots	boythots (treat that boy like a slut)	daine
1.000	gathered		EASYFUN	Monopoly feat. Noonie Bao	https://soundcloud.com/pcmus/monopoly	Monopoly	EASYFUN ft. Noonie Bao
1.000	gathered		The Moldy Peaches	NYC's A GRAVEYARD @angel__emoji Edit 128bpm	https://soundcloud.com/dustyy77/nycs-a-graveyard-angel-emoji	NYC's A GRAVEYARD @angel__emoji Edit 128bpm	The Moldy Peaches
1.000	gathered		Queen	Bohemian Rhapsody	https://soundcloud.com/rizky-rilos/queen-bohemian-rhapsody	Bohemian Rhapsody	Queen
1.000	gathered		Tyler, The Creator	WUSYANAME (feat. Youngboy Never Broke Again & Ty Dolla $ign)	https://soundcloud.com/tylerthecreatorofficial/tyler-the-creator-wusyaname	WUSYANAME (what's your name)	Tyler, The Creator ft. Youngboy Never Broke Again
1.000	gathered		Vylet Pony	ANTONYMPH	https://soundcloud.com/vyletpony/antonymph	ANTONYMPH	Vylet Pony
1.000	gathered		Beyoncé, Madonna	BREAK MY SOUL (THE QUEENS REMIX)	https://soundcloud.com/beyonce/beyonce-madonna-break-my-soul	BREAK MY SOUL (QUEENS REMIX)	Beyoncé, Madonna
1.000	gathered		bktherula	insane-(milkfish-normal-mix).ₘₚ₃	https://soundcloud.com/dustyy77/insane-milkfish-normal-mix	insane-(milkfish-normal-mix).ₘₚ₃	bktherula
1.000	gathered		brakence	argyle	https://soundcloud.com/brakence/argyle	argyle	brakence
1.000	gathered		Crusher-P	Again	https://soundcloud.com/crusher-p/crusher-p-ft-gumi-english-again	Again	Crusher-P ft. Gumi English
1.000	gathered		Toby Fox	Deltarune - 24 Vs. Susie	https://soundcloud.com/user-27299133/toby-fox-deltarune-24-vs-susie	Toby Fox - Susie	DELTARUNE
1.000	gathered		Yo Gotti feat. DJ Khaled	I Remember (feat. DJ Khaled)	https://soundcloud.com/yogottikom/i-remember	I Remember	DJ Khaled ft. Yo Gotti
1.000	gathered		ellie_goulding	₊˚⊹♡lights_ps2_edit_160bpm_G♯m♡⊹˚₊	https://soundcloud.com/dustyy77/lights_ps2_edit_160bpm_g-m	₊˚⊹♡lights_ps2_edit_160bpm_G♯m♡⊹˚₊	ellie_goulding
1.000	gathered		FRAXIOM X RICCO HARVER	THATS COMBUSTIBLE	https://soundcloud.com/thriveordie/fraxiom-x-ricco-harver-thats	That's Combustible	Fraxiom & Ricco Harver
1.000	gathered		Hikaru Utada	One Last Kiss	https://soundcloud.com/hikaruutada/one-last-kiss-1	One Last Kiss	Hikaru Utada ft. A.G. Cook
1.000	gathered		Machine Girl	Excruciating Deth (Phase γ)	https://soundcloud.com/nikindos/excruciating-deth-phase-g	Excruciating Deth (Phase γ)	Machine Girl
1.000	gathered		six impala	DRAGONFIST DELTAX9	https://soundcloud.com/siximpala/dragonfistdeltax9	DRAGONFIST DELTAX9	six impala
1.000	gathered		Tinashe	Nasty (Match My Peak Remix)	https://soundcloud.com/tinashenow/nasty-match-my-peak-remix	Nasty (Match My Peak Remix)	Tinashe, Wuki
1.000	gathered		Tyler, The Creator	BLESSED	https://soundcloud.com/tylerthecreatorofficial/tyler-the-creator-blessed	BLESSED	Tyler, The Creator
1.000	gathered		bill wurtz	at the corner store	https://soundcloud.com/billwurtz/at-the-corner-store	at the corner store	bill wurtz
1.000	gathered		cyy♡	HARD.CORE.WORLD.WIDE. 20XX	https://soundcloud.com/909worldwide/hard-core-world-wide-20xx	HARD.CORE.WORLD.WIDE. 20XX	cyy♡
1.000	gathered		Kids & Explosions	Sex Fight	https://soundcloud.com/kidsandexplosions/sexfight	Sex Fight	Kids & Explosions
1.000	gathered		Ravenna Golden	Girlfriend Sucks (feat. midwxst)	https://soundcloud.com/ravennagolden/girlfriend-sucks-feat-midwxst	Girlfriend Sucks	Ravenna Golden ft. midwxst
1.000	gathered		Tyler, The Creator	Darling, I (feat. Teezo Touchdown)	https://soundcloud.com/tylerthecreatorofficial/darling-i	Darling, I (keep falling in love)	Tyler, The Creator ft. Teezo Touchdown
