title,artist,album,isrc,platform,trackId,duration,addedDate,addedBy,url
"SEX DOPE GOLD","Ocean Grove",,AUI442100182,soundcloud,soundcloud:tracks:1892298180,177,,,https://soundcloud.com/oceangroveofficial/sex-dope-gold?utm_medium=api&utm_campaign=social_sharing&utm_source=id_59007
"edge/Warrior's Dance",Perfume,,,soundcloud,soundcloud:tracks:1392264862,176,,,https://soundcloud.com/nnnne/edge4?utm_medium=api&utm_campaign=social_sharing&utm_source=id_59007
Beethoven,"The Presets",,AUUM71701247,soundcloud,soundcloud:tracks:448810665,253,,,https://soundcloud.com/the-presets/beethoven?utm_medium=api&utm_campaign=social_sharing&utm_source=id_59007
"La Musique (feat. Gini)","Riot In Belgium",,,soundcloud,soundcloud:tracks:10649637,323,,,https://soundcloud.com/alpha-clown/riot-in-belgium-la-musique?utm_medium=api&utm_campaign=social_sharing&utm_source=id_59007
"Feel The Funk (Club Mix)","Sebastian Knight",,QZTV32374530,soundcloud,soundcloud:tracks:1595941269,200,,,https://soundcloud.com/itssebastiank/sebastian-knight-feel-the-3?utm_medium=api&utm_campaign=social_sharing&utm_source=id_59007
SkeeYee,"Sexyy Red",,QZQAY2395569,soundcloud,soundcloud:tracks:1529367700,157,,,https://soundcloud.com/sexyyred/skeeyee?utm_medium=api&utm_campaign=social_sharing&utm_source=id_59007
"ᴠͥɪͣᴘͫ•It's A Dream (umru backstab) 146ᵇᵖᵐ•ᴠͥɪͣᴘͫ","Snow Strippers & Lil Uzi Vert",,,soundcloud,soundcloud:tracks:1794155605,104,,,https://soundcloud.com/dustyy77/oits-a-dream-umru-backstab-146?utm_medium=api&utm_campaign=social_sharing&utm_source=id_59007
"Just A Hint","Snow Strippers",,USZ4V2300277,soundcloud,soundcloud:tracks:2371499591,134,,,https://soundcloud.com/snowstrippers/just-a-hint-2?utm_medium=api&utm_campaign=social_sharing&utm_source=id_59007
"Bomber Barbara","Hideki Naganuma",,,soundcloud,soundcloud:tracks:825316438,129,,,https://soundcloud.com/sonicg502-the-robohog/bomber-barbara?utm_medium=api&utm_campaign=social_sharing&utm_source=id_59007
"Sonic Frontiers The Final Horizon OST","I'm Here (Revisited)",,,soundcloud,soundcloud:tracks:1630213173,243,,,https://soundcloud.com/silverknights-981939969/im-here-revisited-sonic-frontiers-the-final-horizon-ost?utm_medium=api&utm_campaign=social_sharing&utm_source=id_59007
"Belly Flop / Aquariyum",GoldChimera,,,soundcloud,soundcloud:tracks:2334683600,16,,,https://soundcloud.com/goldchimera/020x95?utm_medium=api&utm_campaign=social_sharing&utm_source=id_59007
"Shooting Starfish (Singleplayer OST)","Turquoise October",,,soundcloud,soundcloud:tracks:333213386,234,,,https://soundcloud.com/kensabrush/shooting-starfish-turquoise-october?utm_medium=api&utm_campaign=social_sharing&utm_source=id_59007
"Alterna Citizen Program M-02: Challenge Course (Offshore at Dusk)",Nintendo,,,soundcloud,soundcloud:tracks:1501024072,82,,,https://soundcloud.com/splatune-3/alterna-citizen-program-m-02-challenge-course-offshore-at-dusk?utm_medium=api&utm_campaign=social_sharing&utm_source=id_59007
"demol1sh (Stage: Destroy the Portals)","Splatoon 3 Side Order",,,soundcloud,soundcloud:tracks:1755536313,144,,,https://soundcloud.com/youlike-me/splatoon-3-side-order-demol1sh?utm_medium=api&utm_campaign=social_sharing&utm_source=id_59007
"demoli2h (Stage: Destroy the Portals 2)","Splatoon 3 Side Order",,,soundcloud,soundcloud:tracks:1755552798,178,,,https://soundcloud.com/youlike-me/splatoon-3-side-order-demoli2h?utm_medium=api&utm_campaign=social_sharing&utm_source=id_59007
"d3molish (Stage: Destroy the Portals 3)","Splatoon 3 Side Order",,,soundcloud,soundcloud:tracks:1755653136,145,,,https://soundcloud.com/youlike-me/splatoon-3-side-order-d3molish?utm_medium=api&utm_campaign=social_sharing&utm_source=id_59007
"Pink Soldiers (Squid Game)(HÄWK VIP Edit)",23,,QZHZD2296031,soundcloud,soundcloud:tracks:1150096915,200,,,https://soundcloud.com/iamhawkdj/23-pink-soldiers-squid-gamehawk-vip-edit?utm_medium=api&utm_campaign=social_sharing&utm_source=id_59007
"Be True","Sue DJ, La La Life",,FRX282225787,soundcloud,soundcloud:tracks:1300512805,153,,,https://soundcloud.com/suedj-music/be-true?utm_medium=api&utm_campaign=social_sharing&utm_source=id_59007
"Underwater // Super Mario 3D World (2013)","Koji Kondo",,,soundcloud,soundcloud:tracks:986817238,207,,,https://soundcloud.com/not-bowsers-fury/sunshine-seaside-underwater-super-mario-3d-world-2013?utm_medium=api&utm_campaign=social_sharing&utm_source=id_59007
"Castle Theme   Super Mario World",bruno32,,,soundcloud,soundcloud:tracks:100979635,161,,,https://soundcloud.com/bruno32/castle-theme-super-mario?utm_medium=api&utm_campaign=social_sharing&utm_source=id_59007
"All The Things She Said (Rusty Hook Flip)","Rusty Hook",,QZMHK2467080,soundcloud,soundcloud:tracks:209002217,182,,,https://soundcloud.com/rustyhook/tatu?utm_medium=api&utm_campaign=social_sharing&utm_source=id_59007
"BLOW MY LOAD (feat. Wanya Morris, Dâm-Funk, Austin Feinstein & Sydney Bennett)","Tyler, The Creator",,,soundcloud,soundcloud:tracks:2067198112,30,,,https://soundcloud.com/yeye-o-o-0-10/blow-my-load-feat-wanya-morris?utm_medium=api&utm_campaign=social_sharing&utm_source=id_59007
find_u_selfie_remix.mp3,"umru & DJH ft. BABii",,,soundcloud,soundcloud:tracks:1794155659,173,,,https://soundcloud.com/dustyy77/find_u_selfie_remix-mp3?utm_medium=api&utm_campaign=social_sharing&utm_source=id_59007
Wobble,V.I.C.,,USRE10800620,soundcloud,soundcloud:tracks:232329501,322,,,https://soundcloud.com/vic21/v-i-c-wobble?utm_medium=api&utm_campaign=social_sharing&utm_source=id_59007
"Zedd- Clarity Ft. Foxes",Daz,,,soundcloud,soundcloud:tracks:246153303,259,,,https://soundcloud.com/user-502055396/zedd-clarity-ft-foxes?utm_medium=api&utm_campaign=social_sharing&utm_source=id_59007
R.E.M,"Ariana Grande",,USUM71808571,soundcloud,soundcloud:tracks:486816216,246,,,https://soundcloud.com/arianagrande/r-e-m?utm_medium=api&utm_campaign=social_sharing&utm_source=id_59007
"Where I've Been | Bill Wurtz",hover,,,soundcloud,soundcloud:tracks:1399712683,195,,,https://soundcloud.com/h-hover/where-ive-been-bill-wurtz?utm_medium=api&utm_campaign=social_sharing&utm_source=id_59007
"Oh Bo (Studio)","Bo Burnham",,US85P1010102,soundcloud,soundcloud:tracks:254629014,304,,,https://soundcloud.com/bo-burnham/oh-bo-studio?utm_medium=api&utm_campaign=social_sharing&utm_source=id_59007
"Sophisticated Marble Vase (Brite Futures Cover)","Sam Scarpino",,,soundcloud,soundcloud:tracks:48331372,169,,,https://soundcloud.com/samscarpino/sophisticated-marble-vase?utm_medium=api&utm_campaign=social_sharing&utm_source=id_59007
"hell of a time",chk!dsk,,TCAHK2384774,soundcloud,soundcloud:tracks:1611901932,288,,,https://soundcloud.com/909worldwide/hell-of-a-time?utm_medium=api&utm_campaign=social_sharing&utm_source=id_59007
"Brazil (2nd Edit)",Deadmau5,,,soundcloud,soundcloud:tracks:109479356,464,,,https://soundcloud.com/paulo-tavares-10/deadmau5-brazil-2nd-edit?utm_medium=api&utm_campaign=social_sharing&utm_source=id_59007
"your clothes","Jane Remover",,QZHZD2137262,soundcloud,soundcloud:tracks:1097279947,255,,,https://soundcloud.com/janeremover/your-clothes?utm_medium=api&utm_campaign=social_sharing&utm_source=id_59007
"search party","Jane Remover",,QZHZD2129355,soundcloud,soundcloud:tracks:1095513373,298,,,https://soundcloud.com/janeremover/search-party?utm_medium=api&utm_campaign=social_sharing&utm_source=id_59007
champ,"Jane Remover",,QZHZD2146304,soundcloud,soundcloud:tracks:1100331067,377,,,https://soundcloud.com/janeremover/champ?utm_medium=api&utm_campaign=social_sharing&utm_source=id_59007
Perfect,"Ed Sheeran",,GBAHS1700024,soundcloud,soundcloud:tracks:310108203,263,,,https://soundcloud.com/edsheeran/perfect?utm_medium=api&utm_campaign=social_sharing&utm_source=id_59007
"Praise You (2009 Remix Edit / Fatboy Slim vs. Fedde Le Grand)","Fatboy Slim, Fedde Le Grand",,GBBMQ0900268,soundcloud,soundcloud:tracks:302949052,164,,,https://soundcloud.com/fatboyslim/praise-you-2009-remix-edit?utm_medium=api&utm_campaign=social_sharing&utm_source=id_59007
"Default Fire","Fortnite x Major Lazer",,,soundcloud,soundcloud:tracks:728785279,115,,,https://soundcloud.com/v6z/fortnite-x-major-lazer-default-fire?utm_medium=api&utm_campaign=social_sharing&utm_source=id_59007
"Jesus Of Suburbia Pt2",R00RBOYZ,,,soundcloud,soundcloud:tracks:582319596,97,,,https://soundcloud.com/roorboyz/jesus-of-suburbia-pt2?utm_medium=api&utm_campaign=social_sharing&utm_source=id_59007
"PPPP PaPiPuPePo",emamouse,,,soundcloud,soundcloud:tracks:962863780,208,,,https://soundcloud.com/emamouse2/pppp-papipupepo?utm_medium=api&utm_campaign=social_sharing&utm_source=id_59007
"Where Are Ü Now (with Justin Bieber)","Jack Ü, Skrillex, Diplo",,USAT21500555,soundcloud,soundcloud:tracks:193270658,250,,,https://soundcloud.com/jacku/skrillex-and-diplo-present-1?utm_medium=api&utm_campaign=social_sharing&utm_source=id_59007
"La Macarena (original)","Los Del Rio",,,soundcloud,soundcloud:tracks:227142158,887,,,https://soundcloud.com/hang-bebu/los-del-rio-la-macarena-original?utm_medium=api&utm_campaign=social_sharing&utm_source=id_59007
"Natsuiro Egao de 1, 2 Jump (SOUNDSCVPE  Ver.)","[LoveLive] µ",,,soundcloud,soundcloud:tracks:293139777,254,,,https://soundcloud.com/soundscvpe-mewsic/natsuiro-egao-de-1-2-jump-soundscvpe-ver?utm_medium=api&utm_campaign=social_sharing&utm_source=id_59007
M,M,,,soundcloud,soundcloud:tracks:251050933,296,,,https://soundcloud.com/warnerrecords/pop-muzik1?utm_medium=api&utm_campaign=social_sharing&utm_source=id_59007
"Wouldn't You Like To Ride (Silk & Skip Ride To The House Remix) [feat. Common, JV & Kanye West]","Malik Yusef featuring Kanye West, Common and JV",,USAE81142623,soundcloud,soundcloud:tracks:596133423,300,,,https://soundcloud.com/malik-yusef-official/wouldnt-you-like-to-ride-silk?utm_medium=api&utm_campaign=social_sharing&utm_source=id_59007
"BBL DRIZZY BPM 150.mp3","Metro Boomin",,,soundcloud,soundcloud:tracks:1814779140,205,,,https://soundcloud.com/metroboomin/bbl-drizzy-bpm-150-mp3?utm_medium=api&utm_campaign=social_sharing&utm_source=id_59007
"PAPER PLANES (NOISE MAFIA EDIT) (CRBFREE014)",Corebeats,,QZKDK2280146,soundcloud,soundcloud:tracks:1616592546,317,,,https://soundcloud.com/corebeats03/mia-paper-planes-noise-mafia-edit-crbfree014?utm_medium=api&utm_campaign=social_sharing&utm_source=id_59007
"Boyz (Melé Edit)",M.I.A,,,soundcloud,soundcloud:tracks:204978287,192,,,https://soundcloud.com/ukmele/mia-boyz-mele-edit?utm_medium=api&utm_campaign=social_sharing&utm_source=id_59007
"Squiddy Holly- Chirpy Chips","kflare plays",,,soundcloud,soundcloud:tracks:1386446296,121,,,https://soundcloud.com/kflare-plays/squiddy-holly-chirpy-chips?utm_medium=api&utm_campaign=social_sharing&utm_source=id_59007
Colours,"Nadia Oh",,,soundcloud,soundcloud:tracks:13325893,190,,,https://soundcloud.com/beatbytimba/nadia-oh-colours?utm_medium=api&utm_campaign=social_sharing&utm_source=id_59007
"Wonderful Place (Contains Hidden Track/Waiting For You)",N.E.R.D.,,USVI20400097,soundcloud,soundcloud:tracks:349457084,430,,,https://soundcloud.com/nerd/wonderful-place-contains?utm_medium=api&utm_campaign=social_sharing&utm_source=id_59007
"Squeeze Me (Music from The Spongebob Movie Sponge Out Of Water)",N.E.R.D,,USQX91402761,soundcloud,soundcloud:tracks:256135768,30,,,https://soundcloud.com/nerd/squeeze-me-music-from-the?utm_medium=api&utm_campaign=social_sharing&utm_source=id_59007
"Zebra (Napolian Edit)","Oneohtrix Point Never",,,soundcloud,soundcloud:tracks:148147628,115,,,https://soundcloud.com/gunsandsynths/oneohtrix-point-never-zebra?utm_medium=api&utm_campaign=social_sharing&utm_source=id_59007
"LOVE YOURSELF",P.H.F.,,TCAHK2384923,soundcloud,soundcloud:tracks:1611901392,168,,,https://soundcloud.com/909worldwide/love-yourself?utm_medium=api&utm_campaign=social_sharing&utm_source=id_59007
"Rhythm Heaven (NDS) Fan Club (Italian)",Tsunku♂,,,soundcloud,soundcloud:tracks:1219439629,63,,,https://soundcloud.com/finndookiebutt/italian-fan-club?utm_medium=api&utm_campaign=social_sharing&utm_source=id_59007
"Rhythm Heaven Fever",Tsunku,,,soundcloud,soundcloud:tracks:1090450633,135,,,https://soundcloud.com/user-451613567/double-date-rhythm-heaven-fever?utm_medium=api&utm_campaign=social_sharing&utm_source=id_59007
"Rhythm Rally 2 ~ Perfect Version",Tsunku♂,,,soundcloud,soundcloud:tracks:315166755,128,,,https://soundcloud.com/alex-victoret/rhythm-rally-2-perfect-version?utm_medium=api&utm_campaign=social_sharing&utm_source=id_59007
"Donk - Rhythm Heaven Fever - HQ (1)",Donk,,,soundcloud,soundcloud:tracks:910748878,84,,,https://soundcloud.com/user-865591989/donk-donk-rhythm-heaven-fever-hq-1?utm_medium=api&utm_campaign=social_sharing&utm_source=id_59007
"Julián Casablancas feat. Santigold & Pharrell Williams","My Drive Thru",,,soundcloud,soundcloud:tracks:1477352368,247,,,https://soundcloud.com/littledevil-bigheart-647309596/my-drive-thru-julian?utm_medium=api&utm_campaign=social_sharing&utm_source=id_59007
"1-10 Collision Chaos JP","Sonic CD - 20TH Gold CD1",,,soundcloud,soundcloud:tracks:69772000,221,,,https://soundcloud.com/sonic-cd-the-best-sonic/1-10-collision-chaos-jp?utm_medium=api&utm_campaign=social_sharing&utm_source=id_59007
"Father Said","Skrillex & 12th Planet",,,soundcloud,soundcloud:tracks:1791604357,233,,,https://soundcloud.com/skrillexstuff/skrillex-12th-planet-father-said-hq?utm_medium=api&utm_campaign=social_sharing&utm_source=id_59007
"Memories Of Tokyo-To - Here I Go","2 Mello",,,soundcloud,soundcloud:tracks:1061875933,202,,,https://soundcloud.com/derp-online-501/2-mello-memories-of-tokyo-to?utm_medium=api&utm_campaign=social_sharing&utm_source=id_59007
"Gwely Mernans (Aphex Twin re-imagining)",DZ'OB,,,soundcloud,soundcloud:tracks:263463514,301,,,https://soundcloud.com/dz_ob/gwely-mernans-aphex-twin-re?utm_medium=api&utm_campaign=social_sharing&utm_source=id_59007
"Arguing pt3 (AT mixxx)","AT (@6prodbyat)",,,soundcloud,soundcloud:tracks:2093628096,260,,,https://soundcloud.com/user-226656196/arguing-pt3-at-mixxx?utm_medium=api&utm_campaign=social_sharing&utm_source=id_59007
Yoyo,"Bee Oil",,TCAHK2384772,soundcloud,soundcloud:tracks:1611901947,124,,,https://soundcloud.com/909worldwide/yoyo?utm_medium=api&utm_campaign=social_sharing&utm_source=id_59007
"Release (feat. Saul Williams & Lyrics Born)",Blackalicious,,USMC10200025,soundcloud,soundcloud:tracks:310315952,566,,,https://soundcloud.com/blackalicious/release?utm_medium=api&utm_campaign=social_sharing&utm_source=id_59007
AGUA,Bx'treme,,,soundcloud,soundcloud:tracks:1596318204,198,,,https://soundcloud.com/bomb-rush-cyberfunk-ost/bxtreme-agua?utm_medium=api&utm_campaign=social_sharing&utm_source=id_59007
"ME AGAINST THE MUSIC FT MADONNA (TRIBAL HONEY G REMIX)","BRITNEY SPEARS",,,soundcloud,soundcloud:tracks:2408010951,247,,,https://soundcloud.com/ekltkrrrr/matm?utm_medium=api&utm_campaign=social_sharing&utm_source=id_59007
"Gimme More","Britney Spears",,USJI10900635,soundcloud,soundcloud:tracks:257043909,30,,,https://soundcloud.com/britneyspears/gimme-more-remastered?utm_medium=api&utm_campaign=social_sharing&utm_source=id_59007
"My Sex ft. Pussy Riot, Mykki Blanco & MNDR","Brooke Candy",,QMYPL1103402,soundcloud,soundcloud:tracks:474169854,262,,,https://soundcloud.com/brookecandy/my-sex-ft-pussy-riot-mykki-blanco-mndr?utm_medium=api&utm_campaign=social_sharing&utm_source=id_59007
"Buckwheat Boyz  Peanut Butter Jelly Time","scat 2.0",,,soundcloud,soundcloud:tracks:1230077773,107,,,https://soundcloud.com/user-959638050/buckwheat-boyz-peanut-butter-jelly-time?utm_medium=api&utm_campaign=social_sharing&utm_source=id_59007
"SO YESTERDAY",exxy,,QZMHK2418918,soundcloud,soundcloud:tracks:927709768,357,,,https://soundcloud.com/exxyau/crush3d-so-yesterday?utm_medium=api&utm_campaign=social_sharing&utm_source=id_59007
"Makes Me Feel Better","Slavoj McAllister",,,soundcloud,soundcloud:tracks:1616708769,287,,,https://soundcloud.com/zorya_yasnaya/makes-me-feel-better?utm_medium=api&utm_campaign=social_sharing&utm_source=id_59007
"Heel Turn","D.O.H (Dollaz Ova Hoes)",,,soundcloud,soundcloud:tracks:736476256,219,,,https://soundcloud.com/deph-by-stereo/doh-heel-turn?utm_medium=api&utm_campaign=social_sharing&utm_source=id_59007
"Burnin' (DJ Sneak Mongowarrier Mix)","Daft Punk",,GBAYE1310761,soundcloud,soundcloud:tracks:1213377973,30,,,https://soundcloud.com/daftpunkofficialmusic/burnin-dj-sneak-mongowarrier?utm_medium=api&utm_campaign=social_sharing&utm_source=id_59007
"Harder, Better, Faster, Stronger","Daft Punk",,GBDUW0000059,soundcloud,soundcloud:tracks:254111788,226,,,https://soundcloud.com/daftpunkofficialmusic/harder-better-faster?utm_medium=api&utm_campaign=social_sharing&utm_source=id_59007
"Get Lucky (Drumless Edition) (ft. Pharrell Williams and Nile Rodgers)","Daft Punk, Pharrell Williams, Nile Rodgers",,GBDUW2300160,soundcloud,soundcloud:tracks:1664284500,30,,,https://soundcloud.com/daftpunkofficialmusic/get-lucky-drumless-edition?utm_medium=api&utm_campaign=social_sharing&utm_source=id_59007
"Independent Women, Pt. 1","Destiny's Child",,USSM10013276,soundcloud,soundcloud:tracks:253512893,219,,,https://soundcloud.com/destinys-child-official/independent-women-pt-i-3?utm_medium=api&utm_campaign=social_sharing&utm_source=id_59007
"Home Zone",Digitalism,,FRU700700017,soundcloud,soundcloud:tracks:256182950,30,,,https://soundcloud.com/digitalism_official/home-zone?utm_medium=api&utm_campaign=social_sharing&utm_source=id_59007
"nukes are now legal (feat. max2k10)","DJ SMOKEY",,QM42K2375665,soundcloud,soundcloud:tracks:1352079121,302,,,https://soundcloud.com/smoke-gang-beatz/dj-smokey-nukes-are-now-legal-feat-max2k10?utm_medium=api&utm_campaign=social_sharing&utm_source=id_59007
"Drake, 21 savage (with krieg from borderlands 2)","Rich Flex guitar remix slowed",,,soundcloud,soundcloud:tracks:1527517186,133,,,https://soundcloud.com/user-170758751/lv_0_20230601002615-mp3?utm_medium=api&utm_campaign=social_sharing&utm_source=id_59007
"SiIvaGunner King For Another Day","Expensive Dispenser, CrystalForce",,,soundcloud,soundcloud:tracks:726106504,155,,,https://soundcloud.com/guess-what-im-not-siiva/aint-nothin-like-a-flat-beat-siivagunner-king-for-another-day?utm_medium=api&utm_campaign=social_sharing&utm_source=id_59007
"SAL INFRARED BOUYON PLAYLIST PT2",SALINFRARED,,,soundcloud,soundcloud:tracks:2268681416,3196,,,https://soundcloud.com/salinfrared/sal-infrared-bouyon-playlist?utm_medium=api&utm_campaign=social_sharing&utm_source=id_59007
"Friday Night Funkin' OST",Blammed,,,soundcloud,soundcloud:tracks:1006532242,107,,,https://soundcloud.com/kawaispritefak/blammed-friday-night-funkin-ost?utm_medium=api&utm_campaign=social_sharing&utm_source=id_59007
"My Boo","Ghost Town DJs",,,soundcloud,soundcloud:tracks:2188738747,816,,,https://soundcloud.com/e1oovdghddfw/ghost-town-djs-my-boo-1?utm_medium=api&utm_campaign=social_sharing&utm_source=id_59007
"Movin' On Without You","Hikaru Utada",,JPTO09901650,soundcloud,soundcloud:tracks:358304150,278,,,https://soundcloud.com/hikaruutada/movin-on-without-you?utm_medium=api&utm_campaign=social_sharing&utm_source=id_59007
"Hikari (Planitb Remix)","Hikaru Utada",,JPTO00200032,soundcloud,soundcloud:tracks:358304171,343,,,https://soundcloud.com/hikaruutada/hikari-planitb-remix?utm_medium=api&utm_campaign=social_sharing&utm_source=id_59007
"Jackson 5 Can you feel it Rework Dj Aiblo","DJ AIBLO",,,soundcloud,soundcloud:tracks:549109017,317,,,https://soundcloud.com/aiblo-dj/can-you-feel-it-rmx-dj-aiblo?utm_medium=api&utm_campaign=social_sharing&utm_source=id_59007
GOKU,Jaden,,QMJMT1801867,soundcloud,soundcloud:tracks:506300604,193,,,https://soundcloud.com/jadensmithofficial/goku?utm_medium=api&utm_campaign=social_sharing&utm_source=id_59007
"Mile High (Re-prod. Cover)","James Blake ft. Travis Scott and Metro Boomin",,,soundcloud,soundcloud:tracks:920919808,192,,,https://soundcloud.com/melisazeyy/allahin-izniyle-son-hali?utm_medium=api&utm_campaign=social_sharing&utm_source=id_59007
"Off Da Zoinkys",JID,,USUM71816015,soundcloud,soundcloud:tracks:533987655,209,,,https://soundcloud.com/jidsv/off-da-zoinkys?utm_medium=api&utm_campaign=social_sharing&utm_source=id_59007
"TIRED, NERVOUS & BROKE!",JPEGMAFIA,,USUM72119677,soundcloud,soundcloud:tracks:1145565208,376,,,https://soundcloud.com/jpegmafia/jpegmafia-elpee-14-tired-nervous-broke?utm_medium=api&utm_campaign=social_sharing&utm_source=id_59007
"THE GHOST OF RANKING DREAD! (ft. Tkay Maidza)",JPEGMAFIA,,USUM72119681,soundcloud,soundcloud:tracks:1145565337,207,,,https://soundcloud.com/jpegmafia/jpegmafia-elpee-18-the-ghost-of-ranking-dread?utm_medium=api&utm_campaign=social_sharing&utm_source=id_59007
D.A.N.C.E.,Justice,,FR0NT0700420,soundcloud,soundcloud:tracks:254586535,242,,,https://soundcloud.com/justice-official/d-a-n-c-e-1?utm_medium=api&utm_campaign=social_sharing&utm_source=id_59007
"I Don't Like (Remix)(feat. Kanye West, Pusha T, Big Sean, & Jadakiss)",ChiefKeef,,,soundcloud,soundcloud:tracks:95582169,284,,,https://soundcloud.com/chiefkeef/i-dont-like-remix?utm_medium=api&utm_campaign=social_sharing&utm_source=id_59007
"Due West (Skrillex Remix)","Kelsey Lu, Skrillex",,USSM11903687,soundcloud,soundcloud:tracks:625005336,279,,,https://soundcloud.com/kelseylu/due-west-skrillex-remix?utm_medium=api&utm_campaign=social_sharing&utm_source=id_59007
"The heart Pt1","Kendrick Lamar",,,soundcloud,soundcloud:tracks:2294246021,120,,,https://soundcloud.com/blatte-098/the-heart-pt1?utm_medium=api&utm_campaign=social_sharing&utm_source=id_59007
"tv off pt.1 (ECEE Instrumental)","Kendrick Lamar",,,soundcloud,soundcloud:tracks:1973222343,113,,,https://soundcloud.com/prodbyecee/kendrick-lamar-tv-off-pt1-ecee-instrumental?utm_medium=api&utm_campaign=social_sharing&utm_source=id_59007
O.N.E.,"King Gizzard & The Lizard Wizard",,AUTZK2000063,soundcloud,soundcloud:tracks:953129881,220,,,https://soundcloud.com/king-gizzard-the-lizard-wizard/o-n-e?utm_medium=api&utm_campaign=social_sharing&utm_source=id_59007
CLOUDS.,thatboykwame,,AUBEC1890018,soundcloud,soundcloud:tracks:684046569,133,,,https://soundcloud.com/thatboykwame/clouds-1?utm_medium=api&utm_campaign=social_sharing&utm_source=id_59007
"Gerudo Valley   The Legend of Zelda Ocarina of Time","Anderous Pi",,,soundcloud,soundcloud:tracks:85955988,172,,,https://soundcloud.com/anderouspi/gerudo-valley-the-legend-of?utm_medium=api&utm_campaign=social_sharing&utm_source=id_59007
"Jimmy Aja (Daniel Orlick's Naked Raver Mix)",M.I.A.,,,soundcloud,soundcloud:tracks:78661933,516,,,https://soundcloud.com/nakedraver/m-i-a-jimmy-daniel-orlicks?utm_medium=api&utm_campaign=social_sharing&utm_source=id_59007
"Dry Hands",C418,,TCAAW1157081,soundcloud,soundcloud:tracks:1260678265,69,,,https://soundcloud.com/user-970291039/c418-dry-hands?utm_medium=api&utm_campaign=social_sharing&utm_source=id_59007
"Amazing Horse (Mr Weebl cover)",ALTWAVE,,,soundcloud,soundcloud:tracks:224593481,116,,,https://soundcloud.com/altwave/amazing-horse-synthwave-version?utm_medium=api&utm_campaign=social_sharing&utm_source=id_59007
"N.A.D.I.A. O.H. (instrumental)",Dolcevita,,,soundcloud,soundcloud:tracks:2133056442,160,,,https://soundcloud.com/andrei-pirvu-735191777/nadia-oh-n-a-d-i-a-o-h?utm_medium=api&utm_campaign=social_sharing&utm_source=id_59007
"Aaron- Neil Cicierega","Neil Cicierega",,,soundcloud,soundcloud:tracks:277705127,267,,,https://soundcloud.com/riley-larsen-2/aaron?utm_medium=api&utm_campaign=social_sharing&utm_source=id_59007
"Bikini (Dubbel Dutch Remix) [feat. Erika de Casier]","Nick León",,COAB11900267,soundcloud,soundcloud:tracks:2184305991,225,,,https://soundcloud.com/nickleon/bikini-dubbel-dutch-remix?utm_medium=api&utm_campaign=social_sharing&utm_source=id_59007
"Hideki Naganuma","Funk To The Top",,,soundcloud,soundcloud:tracks:284376093,188,,,https://soundcloud.com/suffixluv/ollie-king-ost-funk-to-the-top?utm_medium=api&utm_campaign=social_sharing&utm_source=id_59007
"Hellraiser (30th Anniversary Edition)","Ozzy Osbourne and Lemmy from Motörhead",,USSM12105516,soundcloud,soundcloud:tracks:1121753260,296,,,https://soundcloud.com/ozzy-osbourne-official/hellraiser-30th-anniversary?utm_medium=api&utm_campaign=social_sharing&utm_source=id_59007
"All Eyes on Me (feat. BENEE, Chad Hugo & Pusha T)",Phoenix,,FR9W12325733,soundcloud,soundcloud:tracks:1622089431,146,,,https://soundcloud.com/phoenix/all-eyes-on-me-feat-benee-chad?utm_medium=api&utm_campaign=social_sharing&utm_source=id_59007
"Beef (feat. Playboi Carti)",Ethereal,,GBLFP1591699,soundcloud,soundcloud:tracks:223469533,213,,,https://soundcloud.com/ethereal/playboi-carti-beef-feat-ethereal?utm_medium=api&utm_campaign=social_sharing&utm_source=id_59007
"Firestarter (Alvin Risk Remix)","The Prodigy",,GBBKS1200169,soundcloud,soundcloud:tracks:266056111,198,,,https://soundcloud.com/theprodigy/firestarter-alvin-risk-remix?utm_medium=api&utm_campaign=social_sharing&utm_source=id_59007
"MNPLY Part 2",Pulsar,,,soundcloud,soundcloud:tracks:663368948,316,,,https://soundcloud.com/user-778151428/mnply-part-2?utm_medium=api&utm_campaign=social_sharing&utm_source=id_59007
"Epic Rap Battle  Nerd Vs Geek (Instrumental)",RhettandLinkMusic,,QM7MR1400011,soundcloud,soundcloud:tracks:162996325,170,,,https://soundcloud.com/rhettandlinkmusic/epic-rap-battle-nerd-vs-geek-instrumental?utm_medium=api&utm_campaign=social_sharing&utm_source=id_59007
"Rhythm Heaven Fever","Tsunku, Masami Yone, Shinji Ushiroda, and Asuka Ito",,,soundcloud,soundcloud:tracks:2148028263,84,,,https://soundcloud.com/sens_belowstory/cafe-rhythm-heaven-fever?utm_medium=api&utm_campaign=social_sharing&utm_source=id_59007
"Megu Megu Fire Endless Night",GUMI,,,soundcloud,soundcloud:tracks:85744950,236,,,https://soundcloud.com/eridiar/gumi-megu-megu-fire-endless?utm_medium=api&utm_campaign=social_sharing&utm_source=id_59007
Dreamhunt,"Shinichi Osawa",,JPB680847501,soundcloud,soundcloud:tracks:956570092,294,,,https://soundcloud.com/shinichiosawa/dreamhunt-1?utm_medium=api&utm_campaign=social_sharing&utm_source=id_59007
"sanguine paradise remix",shinigami,,,soundcloud,soundcloud:tracks:844335700,175,,,https://soundcloud.com/ihateshinigami/sanguine-paradise-remix?utm_medium=api&utm_campaign=social_sharing&utm_source=id_59007
"eyes in the water","six impala",,QM24S1918187,soundcloud,soundcloud:tracks:622669773,212,,,https://soundcloud.com/siximpala/eyesinthewater?utm_medium=api&utm_campaign=social_sharing&utm_source=id_59007
"Skrillex   The Disco Rangers Bus","Sebas Torres 3",,,soundcloud,soundcloud:tracks:157836730,212,,,https://soundcloud.com/sebas-torres-2/skrillex-the-disco-rangers-bus?utm_medium=api&utm_campaign=social_sharing&utm_source=id_59007
"5. voltage (see you again) [w/ Varg2™, Eurohead, LOAM, swedem®, and Virtual Riot]",Skrillex,,,soundcloud,soundcloud:tracks:2220620990,201,,,https://soundcloud.com/skrillex/5-voltage-see-you-again-w-varg2tm-eurohead-loam-swedemr-and-virtual-riot-5?utm_medium=api&utm_campaign=social_sharing&utm_source=id_59007
"Make It Bun Dem (Angerfist Remix)",Angerfist,,QZF8N1817454,soundcloud,soundcloud:tracks:77773864,239,,,https://soundcloud.com/angerfistmusic/skrillex-damian-kid-morbid?utm_medium=api&utm_campaign=social_sharing&utm_source=id_59007
"DJ SONIC TRANSICIÓN Skrillex   Dirty Vibe With Diplo, G Dragon From Big Bang And CL From 2NE1","sonic martinez",,,soundcloud,soundcloud:tracks:147171296,238,,,https://soundcloud.com/sonic-martinez/dj-sonic-transicion-en-vivo-2014-skrillex-dirty-vibe-with-diplo-g-dragon-from-big-bang-and-cl-from-2ne1?utm_medium=api&utm_campaign=social_sharing&utm_source=id_59007
"Sonic The Hedgehog 2- Chemical Plant Zone Remix",GlitchxCity,,,soundcloud,soundcloud:tracks:318899792,285,,,https://soundcloud.com/glitchxcity/chemical-plant-zone-remix-sonic-the-hedgehog-2?utm_medium=api&utm_campaign=social_sharing&utm_source=id_59007
"NY Excuse",Soulwax,,BEP010400109,soundcloud,soundcloud:tracks:320938346,30,,,https://soundcloud.com/soulwaxofficial/ny-excuse-1?utm_medium=api&utm_campaign=social_sharing&utm_source=id_59007
"(Off The Hook) ""Color Pulse"" Pearl and Marina Theme","Splatoon 2 OST",,,soundcloud,soundcloud:tracks:332020614,180,,,https://soundcloud.com/justallmusic/splatoon-2-pearl-and-marina-theme-off-the-hook?utm_medium=api&utm_campaign=social_sharing&utm_source=id_59007
Radio/Video,"System Of A Down",,USSM10501581,soundcloud,soundcloud:tracks:253509633,249,,,https://soundcloud.com/system-of-a-down-official/radio-video?utm_medium=api&utm_campaign=social_sharing&utm_source=id_59007
"SICKO MODE  FT DRAKE [[ Speed + Grave]]","TRAVIS SCOTT",,,soundcloud,soundcloud:tracks:1875021585,286,,,https://soundcloud.com/victor-gabriel-81886499/travis-scott-sicko-mode-ft-2?utm_medium=api&utm_campaign=social_sharing&utm_source=id_59007
"SORRY NOT SORRY","Tyler, The Creator",,USQX92301939,soundcloud,soundcloud:tracks:1481736184,206,,,https://soundcloud.com/tylerthecreatorofficial/tyler-the-creator-sorry-not?utm_medium=api&utm_campaign=social_sharing&utm_source=id_59007
"Juggernaut-Tyler the Creator [Hyperpunk ""Illusions of Grandeur"" Edit]","toadkids pt2",,,soundcloud,soundcloud:tracks:1194432028,117,,,https://soundcloud.com/spagdus/juggernaut-tyler-the-creator-hyperpunk-illusions-of-grandeur-edit?utm_medium=api&utm_campaign=social_sharing&utm_source=id_59007
C.R.E.A.M,"Wu-Tang Clan",,,soundcloud,soundcloud:tracks:22827614,91,,,https://soundcloud.com/krzysztofhalwa/c-r-e-a-m?utm_medium=api&utm_campaign=social_sharing&utm_source=id_59007
"The Snacks Are Real Nice",ZINCZN,,,soundcloud,soundcloud:tracks:2221721240,154,,,https://soundcloud.com/zinczn/the-snacks-are-real-nice?utm_medium=api&utm_campaign=social_sharing&utm_source=id_59007
"Young and Beautiful (Laurent Konrad Edit)","The Young Punx",,GBZ3B2000221,soundcloud,soundcloud:tracks:913884046,169,,,https://soundcloud.com/theyoungpunx/young-and-beautiful-laurent-2?utm_medium=api&utm_campaign=social_sharing&utm_source=id_59007
"FRESH SQUID! (Red Light)","The Young Punx",,GBZ3B2100272,soundcloud,soundcloud:tracks:1138532368,169,,,https://soundcloud.com/theyoungpunx/fresh-squid-red-light-green?utm_medium=api&utm_campaign=social_sharing&utm_source=id_59007
"ʅ͡͡͡͡͡͡͡͡͡͡͡(ƟӨ)ʃ͡͡͡͡͡͡͡͡͡͡ ꐑ(ཀ ඊູ ఠీੂ೧ູ࿃ूੂ✧✧✧✧✧✧ළඕั࿃ूੂ࿃ूੂ","⣎⡇ꉺლ༽இ•̛)ྀ◞ ༎ຶ ༽ৣৢ؞ৢ؞ؖ ꉺლ",,FRIDO1911702,soundcloud,soundcloud:tracks:705014890,279,,,https://soundcloud.com/d23478d1237hoxliiyllllhoxl/ijwc40cxi64e?utm_medium=api&utm_campaign=social_sharing&utm_source=id_59007
"ੂ࿃ूੂළඕั✧✧ı̴̴̡ ̡̡͡|̲̲̲͡ ̲̲̲͡͡π̲̲͡͡ ɵੂ≢࿃ूੂ೧ູఠీੂ ඊູཀ ꐑ(ʅ͡͡͡͡͡͡͡͡͡͡͡(ƟӨ)ʃ͡͡͡͡͡͡͡͡͡͡","⣎⡇ꉺლ༽இ•̛)ྀ◞ ༎ຶ ༽ৣৢ؞ৢ؞ؖ ꉺლ",,FRIDO1911703,soundcloud,soundcloud:tracks:705006949,283,,,https://soundcloud.com/d23478d1237hoxliiyllllhoxl/14mbna7efead?utm_medium=api&utm_campaign=social_sharing&utm_source=id_59007
"Rock The Beat","FBR002: 2. The Demon Dwarf",,,soundcloud,soundcloud:tracks:225934399,315,,,https://soundcloud.com/noisekick_real/fbr002-2-the-demon-dwarf-rock?utm_medium=api&utm_campaign=social_sharing&utm_source=id_59007
"Aj simons & umru, 'Hate it, love it' (2021). Courtesy AQNB, London; Los Angeles.","Aj simons & umru",,,soundcloud,soundcloud:tracks:1013593192,147,,,https://soundcloud.com/aqnb/aj-simons-umru-hate-it-love-it-2021-courtesy-aqnb-london-los-angeles?utm_medium=api&utm_campaign=social_sharing&utm_source=id_59007
"Billie Eilish (52Hz cover)","EP 2: Halley's Comet",,,soundcloud,soundcloud:tracks:1121943841,179,,,https://soundcloud.com/52-hz-1844418/halleys-comet-billie-eilish?utm_medium=api&utm_campaign=social_sharing&utm_source=id_59007
"CALI CARTIER FEELING BOOTLEG","كنزﾤDJ ϮᖇɅＳｻﾡ␡2 - ""THE REVENGE??""",,,soundcloud,soundcloud:tracks:1274552086,80,,,https://soundcloud.com/trsh2/cali-cartier-feeling-bootleg?utm_medium=api&utm_campaign=social_sharing&utm_source=id_59007
"Boiling (REMiXx)","Disclosure ft. Sinead Harnett",,,soundcloud,soundcloud:tracks:195195748,62,,,https://soundcloud.com/blaaqgold/boiling-remixx?utm_medium=api&utm_campaign=social_sharing&utm_source=id_59007
misplace,"Jane Remover",,QZHZD2177886,soundcloud,soundcloud:tracks:1109388916,234,,,https://soundcloud.com/janeremover/misplace?utm_medium=api&utm_campaign=social_sharing&utm_source=id_59007
pretender,"Jane Remover",,QZH5E2169522,soundcloud,soundcloud:tracks:1050518272,221,,,https://soundcloud.com/janeremover/pretender?utm_medium=api&utm_campaign=social_sharing&utm_source=id_59007
"buzzcut, daisy","Jane Remover",,QZJRC2150554,soundcloud,soundcloud:tracks:1127585566,151,,,https://soundcloud.com/janeremover/buzzcut-daisy?utm_medium=api&utm_campaign=social_sharing&utm_source=id_59007
"HIDE N SEEK",Doechii,,USUG12405667,soundcloud,soundcloud:tracks:1902541653,149,,,https://soundcloud.com/iam-doechii/hide-n-seek?utm_medium=api&utm_campaign=social_sharing&utm_source=id_59007
"Be Your USA (feat. Iiris)","Finn Keane",,UK9951802201,soundcloud,soundcloud:tracks:963603763,172,,,https://soundcloud.com/easyfunofficial/be-your-usa-feat-iiris?utm_medium=api&utm_campaign=social_sharing&utm_source=id_59007
"Ass Like That",Eminem,,USIR10400804,soundcloud,soundcloud:tracks:256256839,266,,,https://soundcloud.com/eminemofficial/ass-like-that-1?utm_medium=api&utm_campaign=social_sharing&utm_source=id_59007
"Shh (Slowed + Reverbed) •Edited By Me•","Frou Frou",,,soundcloud,soundcloud:tracks:1342018072,372,,,https://soundcloud.com/fire-knight-591063327/frou_frou-shh?utm_medium=api&utm_campaign=social_sharing&utm_source=id_59007
"Maddening Shroud by Frou Frou Sped To 1.2",Khay10,,,soundcloud,soundcloud:tracks:1472623642,182,,,https://soundcloud.com/khay10/maddening-shroud-by-frou-frou-sped-to-12?utm_medium=api&utm_campaign=social_sharing&utm_source=id_59007
kiss,"gabby start",,,soundcloud,soundcloud:tracks:2076012320,146,,,https://soundcloud.com/gabbystart/kiss-2?utm_medium=api&utm_campaign=social_sharing&utm_source=id_59007
"3D Country",Geese,,USBQU2200170,soundcloud,soundcloud:tracks:1469957824,314,,,https://soundcloud.com/geeseband/3d-country-1?utm_medium=api&utm_campaign=social_sharing&utm_source=id_59007
Vacation,G.R.L,,,soundcloud,soundcloud:tracks:392216511,218,,,https://soundcloud.com/user-380443005/grl-vacation1?utm_medium=api&utm_campaign=social_sharing&utm_source=id_59007
"Ugly Heart - Flawless Remix",G.R.L.,,,soundcloud,soundcloud:tracks:215716059,364,,,https://soundcloud.com/without-flaws/g-r-l-ugly-heart-flawless?utm_medium=api&utm_campaign=social_sharing&utm_source=id_59007
"Jet Set Radio - Rock It On",09,,,soundcloud,soundcloud:tracks:216456413,224,,,https://soundcloud.com/nanarthur/09-jet-set-radio-rock-it-on?utm_medium=api&utm_campaign=social_sharing&utm_source=id_59007
"B.E.A.T (Instrumental)",Justice,,FR0NT2200543,soundcloud,soundcloud:tracks:1389818887,142,,,https://soundcloud.com/justice-official/justice-b-e-a-t-instrumental?utm_medium=api&utm_campaign=social_sharing&utm_source=id_59007
Afterimage,"Justice, RIMON",,FR8EU2300030,soundcloud,soundcloud:tracks:1807721334,246,,,https://soundcloud.com/justice-official/justice-rimon-afterimage?utm_medium=api&utm_campaign=social_sharing&utm_source=id_59007
"Sasasan Katamari","Yu Miyake, Yuusama",,,soundcloud,soundcloud:tracks:306938224,81,,,https://soundcloud.com/katamariislife/sasasan-katamari?utm_medium=api&utm_campaign=social_sharing&utm_source=id_59007
"Things You Should Know","Kids & Explosions",,,soundcloud,soundcloud:tracks:42121636,171,,,https://soundcloud.com/kidsandexplosions/thingsyoushouldknow?utm_medium=api&utm_campaign=social_sharing&utm_source=id_59007
"f*ck, i'm lonely (with Anne-Marie)",Lauv,,QZJRB1952619,soundcloud,soundcloud:tracks:660166436,202,,,https://soundcloud.com/themusicstudioofficial/lauv-fck-im-lonely-with-anne-marie?utm_medium=api&utm_campaign=social_sharing&utm_source=id_59007
"LEGO Racers OST","Test Track",,,soundcloud,soundcloud:tracks:1223523934,136,,,https://soundcloud.com/qroglumbie/test-track-lego-racers-ost?utm_medium=api&utm_campaign=social_sharing&utm_source=id_59007
"Snow Halation (Shroo Twerk Remix) 【Love Live!】",【ラブライブ！】μ's,,,soundcloud,soundcloud:tracks:180482903,180,,,https://soundcloud.com/pearlgreyskies/s-snow-halation-shroo-twerk-remix-love-live?utm_medium=api&utm_campaign=social_sharing&utm_source=id_59007
"Wet Hands (Minecraft) [Frenchcore]",C418,,,soundcloud,soundcloud:tracks:1716565116,202,,,https://soundcloud.com/vilaso-17955033/c418-wet-hands-minecraft-frenchcore-1?utm_medium=api&utm_campaign=social_sharing&utm_source=id_59007
O.P.P,"Naughty By Nature",,USTB10250000,soundcloud,soundcloud:tracks:255958010,271,,,https://soundcloud.com/naughtybynatureofficial/o-p-p?utm_medium=api&utm_campaign=social_sharing&utm_source=id_59007
"Pokémon FireRed & LeafGreen","Hurry Along",,,soundcloud,soundcloud:tracks:1081499806,36,,,https://soundcloud.com/rebel-frend-380155347/hurry-along-pokemon-firered?utm_medium=api&utm_campaign=social_sharing&utm_source=id_59007
"I've got a woman","Ray Charles",,,soundcloud,soundcloud:tracks:78436684,193,,,https://soundcloud.com/paulinesoa/ray-charles-ive-got-a-woman?utm_medium=api&utm_campaign=social_sharing&utm_source=id_59007
"Rhythm Heaven","FriendCom Industries, Tsunku♂",,,soundcloud,soundcloud:tracks:2199022923,138,,,https://soundcloud.com/friendcom-industries/remix-3-ds?utm_medium=api&utm_campaign=social_sharing&utm_source=id_59007
"Rhythm Heaven Fever","Hole In One",,,soundcloud,soundcloud:tracks:387143165,104,,,https://soundcloud.com/stepswitcher/hole-in-one-rhythm-heaven-fever?utm_medium=api&utm_campaign=social_sharing&utm_source=id_59007
"[Rhythm Heaven Fever] ~ Figure Fighter (Perfect)","Pablo Acevedo",,,soundcloud,soundcloud:tracks:1287605101,111,,,https://soundcloud.com/yes-no-773630910/rhythm-heaven-fever-figure-fighter-perfect?utm_medium=api&utm_campaign=social_sharing&utm_source=id_59007
"Rhythm Heaven Fever - HQ","Catch Of The Day",,,soundcloud,soundcloud:tracks:910740757,92,,,https://soundcloud.com/user-865591989/catch-of-the-day-rhythm-heaven?utm_medium=api&utm_campaign=social_sharing&utm_source=id_59007
"Shes Got The Look (Budsta Remix)(FREE DOWNLOAD)",Roxette,,,soundcloud,soundcloud:tracks:241445861,203,,,https://soundcloud.com/budsta-aus/roxette-shes-got-the-look-budsta-remix?utm_medium=api&utm_campaign=social_sharing&utm_source=id_59007
"HEYYEYAAEYAAAEYAEYAA / Fabulous Secret Powers (SLACKCiRCUS / Adam Ezra)","Adam Ezra",,,soundcloud,soundcloud:tracks:1346814442,238,,,https://soundcloud.com/adam-weir-333729221/fabulous-secret-powers-adam-ezra-remix?utm_medium=api&utm_campaign=social_sharing&utm_source=id_59007
"Wing Fortress Zone Lofi (From ""Sonic the Hedgehog 2"") [Hotline Sehwani]","Hotline Sehwani",,QZPJ32156502,soundcloud,soundcloud:tracks:1247009869,183,,,https://soundcloud.com/hotlinesehwani/wing-fortress-zone-lofi-from-sonic-the-hedgehog-2-hotline-sehwani?utm_medium=api&utm_campaign=social_sharing&utm_source=id_59007
"Title Screen (From ""Sonic & Knuckles"") (Lofi)","daydusk and Melodies Zone",,AUGBT2459579,soundcloud,soundcloud:tracks:1933707605,172,,,https://soundcloud.com/daydusk/title-screen-from-sonic?utm_medium=api&utm_campaign=social_sharing&utm_source=id_59007
"Sonic Rush","1. Right There, Ride On",,,soundcloud,soundcloud:tracks:343156502,156,,,https://soundcloud.com/fawfulhasfury/1-right-there-ride-on-sonic?utm_medium=api&utm_campaign=social_sharing&utm_source=id_59007
"A New Day","Hideki Naganuma",,,soundcloud,soundcloud:tracks:825316375,141,,,https://soundcloud.com/sonicg502-the-robohog/a-new-day?utm_medium=api&utm_campaign=social_sharing&utm_source=id_59007
"Inkopolis Plaza Lobby Speakers",Splatoon,,,soundcloud,soundcloud:tracks:1973797383,123,,,https://soundcloud.com/user-598425211/splatoon-3-inkopolis-plaza-lobby-speakers?utm_medium=api&utm_campaign=social_sharing&utm_source=id_59007
"Wet floor - Splatoon 2 ost.",Inkoming,,,soundcloud,soundcloud:tracks:330436565,171,,,https://soundcloud.com/963mlp/inkoming-wet-floor-splatoon-2-ost?utm_medium=api&utm_campaign=social_sharing&utm_source=id_59007
"Splatoon 2 OST Inkopolis Square Tutorial","The Cursed Needle",,,soundcloud,soundcloud:tracks:2382434742,63,,,https://soundcloud.com/cursed-needle-22575595950/splatoon-2-ost-inkopolis-square-tutorial?utm_medium=api&utm_campaign=social_sharing&utm_source=id_59007
"Splatoon 3",SashiMori,,,soundcloud,soundcloud:tracks:1834244868,174,,,https://soundcloud.com/shdbeg/amalgamania-by-sashimori?utm_medium=api&utm_campaign=social_sharing&utm_source=id_59007
"Deep cut- Anarchy Splatcast (Big Run) splatoon 3 OST",death,,,soundcloud,soundcloud:tracks:1685187120,87,,,https://soundcloud.com/user-783550704/deep-cut-anarchy-splatcast-big?utm_medium=api&utm_campaign=social_sharing&utm_source=id_59007
"Remix: Super Mario Sunshine_Isle Delfino","Yoann Turpin",,QZHPJ1972216,soundcloud,soundcloud:tracks:244014461,236,,,https://soundcloud.com/acclion/remix-super-mario-sunshine_isle-delfino?utm_medium=api&utm_campaign=social_sharing&utm_source=id_59007
"Too Bad!","Super Mario Sunshine OST",,,soundcloud,soundcloud:tracks:106069357,5,,,https://soundcloud.com/vybenet/super-mario-sunshine-ost-too?utm_medium=api&utm_campaign=social_sharing&utm_source=id_59007
"2SEATER (feat. Aaron Shaw, Samantha Nelson & Austin Feinstein)","Tyler, The Creator feat. Aaron Shaw, Samantha Nelson, and Austin Feinstein",,USQX91500710,soundcloud,soundcloud:tracks:254201305,30,,,https://soundcloud.com/tylerthecreatorofficial/2seater?utm_medium=api&utm_campaign=social_sharing&utm_source=id_59007
"Saltfields (The Layman's Ultimate 7-Step Guide to a Life of Poserdom: There’s nothing we can do!)",underscores,,GBKPL2170052,soundcloud,soundcloud:tracks:1171058824,202,,,https://soundcloud.com/underscores/saltfields?utm_medium=api&utm_campaign=social_sharing&utm_source=id_59007
"Main Theme","Wii Play",,,soundcloud,soundcloud:tracks:655624856,66,,,https://soundcloud.com/kai-eley-493996353/wii-play-main-theme?utm_medium=api&utm_campaign=social_sharing&utm_source=id_59007
"✧₊⁎❝᷀ົཽ*ೃƪ❍⊁ƪ❍⊁༽ৣৢ؞ৢ؞ؖ ཥ (2017)","⣎⡇ꉺლ༽இ•̛)ྀ◞ ༎ຶ ༽ৣৢ؞ৢ؞ؖ ꉺლ",,,soundcloud,soundcloud:tracks:1623173382,154,,,https://soundcloud.com/x5g32/o-3?utm_medium=api&utm_campaign=social_sharing&utm_source=id_59007
"Old To The New Volume 2","Krafty Kuts",,,soundcloud,soundcloud:tracks:4292557,3959,,,https://soundcloud.com/kraftykuts/krafty-kuts-old-to-the-new-vol-2-june-2010-dj-mix?utm_medium=api&utm_campaign=social_sharing&utm_source=id_59007
MA),"Rapid Crew (Can't Move Me) (ft. TV",,,soundcloud,soundcloud:tracks:1713721080,190,,,https://soundcloud.com/2mello/2-mello-sounds-of-tokyo-to-future-rapid-crew?utm_medium=api&utm_campaign=social_sharing&utm_source=id_59007
"Faelings (Single version)",Alnaht,,,soundcloud,soundcloud:tracks:1388439058,207,,,https://soundcloud.com/vivtov/alnaht-faelings-single-version?utm_medium=api&utm_campaign=social_sharing&utm_source=id_59007
"self defence","THE DESTROYER",,ITDGQ1800076,soundcloud,soundcloud:tracks:126704931,320,,,https://soundcloud.com/thedestroyer-1/the-destroyer-self-defence?utm_medium=api&utm_campaign=social_sharing&utm_source=id_59007
"Purple Swag","A$AP Rocky",,USRC11101092,soundcloud,soundcloud:tracks:279017148,30,,,https://soundcloud.com/asvpxrocky/purple-swag?utm_medium=api&utm_campaign=social_sharing&utm_source=id_59007
Subways,"The Avalanches",,AUUM71600213,soundcloud,soundcloud:tracks:269482935,191,,,https://soundcloud.com/theavalanches/subways?utm_medium=api&utm_campaign=social_sharing&utm_source=id_59007
"I Hate Your Ex-Girlfriend (feat. Doechii)",BANKS,,US38Y2422296,soundcloud,soundcloud:tracks:1931344334,144,,,https://soundcloud.com/banksbanksbanks/i-hate-your-ex-girlfriend-feat?utm_medium=api&utm_campaign=social_sharing&utm_source=id_59007
"Dub Be Good To Me","Beats International",,GBUM71802475,soundcloud,soundcloud:tracks:895222363,217,,,https://soundcloud.com/beats-international/dub-be-good-to-me-4?utm_medium=api&utm_campaign=social_sharing&utm_source=id_59007
"MOUNT EVEREST PT2",siphrixcc,,,soundcloud,soundcloud:tracks:1551541276,18,,,https://soundcloud.com/thesimpofsimpers/mount-everest-pt2?utm_medium=api&utm_campaign=social_sharing&utm_source=id_59007
"On A Roll (from the Netflix Original Series 'Black Mirror')","Miley Cyrus",,,soundcloud,soundcloud:tracks:636249720,193,,,https://soundcloud.com/aintmyfault/miley-cyrus-on-a-roll-from-the-netflix-original-series-black-mirror?utm_medium=api&utm_campaign=social_sharing&utm_source=id_59007
"Blank Banshee- 15. B:/ Shut down/Depression","Blank Banshee",,,soundcloud,soundcloud:tracks:318517775,53,,,https://soundcloud.com/user-662598674/blank-banshee-15-b-shut-downdepression?utm_medium=api&utm_campaign=social_sharing&utm_source=id_59007
"Funk Express (Extended Version)",Proux,,,soundcloud,soundcloud:tracks:1596233424,184,,,https://soundcloud.com/bomb-rush-cyberfunk-ost/proux-funk-express-extended-version?utm_medium=api&utm_campaign=social_sharing&utm_source=id_59007
"you can say hi (prod. by mez)",soia,,,soundcloud,soundcloud:tracks:1596321222,225,,,https://soundcloud.com/bomb-rush-cyberfunk-ost/soia-you-can-say-hi-prod-by-mez?utm_medium=api&utm_campaign=social_sharing&utm_source=id_59007
"N-Harmony- First Of The Month","Bone Thugs",,,soundcloud,soundcloud:tracks:176860489,292,,,https://soundcloud.com/marcus-dollar-bizzle/bone-thugs-n-harmony-first-of?utm_medium=api&utm_campaign=social_sharing&utm_source=id_59007
"& Down","Boys Noize",,,soundcloud,soundcloud:tracks:3479542,288,,,https://soundcloud.com/user499222/boys-noize-down?utm_medium=api&utm_campaign=social_sharing&utm_source=id_59007
I.F.L.,"Music Reserves",,,soundcloud,soundcloud:tracks:902379619,156,,,https://soundcloud.com/user-593638874-772393310/ifl?utm_medium=api&utm_campaign=social_sharing&utm_source=id_59007
isolashun,"Casper McFadden",,TCAHK2384780,soundcloud,soundcloud:tracks:1611901911,111,,,https://soundcloud.com/909worldwide/isolashun?utm_medium=api&utm_campaign=social_sharing&utm_source=id_59007
pinkdiamond♢petalsupply♢harder♢170ʙᴘᴍ.ₘₚ₃,charli_xcx,,,soundcloud,soundcloud:tracks:1794155611,113,,,https://soundcloud.com/dustyy77/pinkdiamond-petalsupply-harder?utm_medium=api&utm_campaign=social_sharing&utm_source=id_59007
"Song To The Siren (Live From Sabresonic Nightclub, United Kingdom / 1994)","The Chemical Brothers",,GBAAA9500249,soundcloud,soundcloud:tracks:252563130,197,,,https://soundcloud.com/thechemicalbrothers/song-to-the-siren-live?utm_medium=api&utm_campaign=social_sharing&utm_source=id_59007
O,Coldplay,,GBAYE1400533,soundcloud,soundcloud:tracks:255770543,324,,,https://soundcloud.com/coldplay/o?utm_medium=api&utm_campaign=social_sharing&utm_source=id_59007
"SO YESTERDAY",exxy,,QZMHK2418918,soundcloud,soundcloud:tracks:927709768,357,,,https://soundcloud.com/exxyau/crush3d-so-yesterday?utm_medium=api&utm_campaign=social_sharing&utm_source=id_59007
"City 03 (B)","Crush (PSP3DS)",,,soundcloud,soundcloud:tracks:788988751,184,,,https://soundcloud.com/user-190278276/crush-psp3ds-city-03-b?utm_medium=api&utm_campaign=social_sharing&utm_source=id_59007
"Courtship Dating- Crystal Castles","Courtship Dating",,UKJLL1722502,soundcloud,soundcloud:tracks:11034825,233,,,https://soundcloud.com/caseyrisp4/courtship-dating-crystal?utm_medium=api&utm_campaign=social_sharing&utm_source=id_59007
"The God Machines (feat. Paul Senai & KraKow)","Kill Trigger",,,soundcloud,soundcloud:tracks:1616690274,187,,,https://soundcloud.com/zorya_yasnaya/the-god-machines-feat-paul-senai-krakow?utm_medium=api&utm_campaign=social_sharing&utm_source=id_59007
"“Undertow Velocity” by Private Press",Cyberpunk,,,soundcloud,soundcloud:tracks:1474630549,346,,,https://soundcloud.com/zion-bressanin/undertow-velocity-by-private?utm_medium=api&utm_campaign=social_sharing&utm_source=id_59007
"Cyberpunk 2077 | 99.9 Impulse FM Radio | Private Press DREAMY",MisterMann762,,,soundcloud,soundcloud:tracks:1974602743,281,,,https://soundcloud.com/mistermann762/private-press-dreamy?utm_medium=api&utm_campaign=social_sharing&utm_source=id_59007
"Cyberpunk 2077 Theme",mr,,,soundcloud,soundcloud:tracks:1032495079,347,,,https://soundcloud.com/tsunami-159867975/cyberpunk-theme?utm_medium=api&utm_campaign=social_sharing&utm_source=id_59007
Clear,Zog26,,,soundcloud,soundcloud:tracks:537551952,287,,,https://soundcloud.com/rafaelfalcedesouza/cybotron-clear?utm_medium=api&utm_campaign=social_sharing&utm_source=id_59007
"On / Off","Daft Punk",,GBDUW0400107,soundcloud,soundcloud:tracks:254111739,19,,,https://soundcloud.com/daftpunkofficialmusic/on-off?utm_medium=api&utm_campaign=social_sharing&utm_source=id_59007
"Welcome To Jamrock (Subwest Dubstep Remix)","Damian ""Jr. Gong"" Marley",,,soundcloud,soundcloud:tracks:1063065574,218,,,https://soundcloud.com/yunus-can-yildirim/damian-jr-gong-marley-welcome-to-jamrock-subwest-dubstep-remix?utm_medium=api&utm_campaign=social_sharing&utm_source=id_59007
"deadmau5 / Sex Lies Audiotape (Redux Remix)",deadmau5,,CAPA30600279,soundcloud,soundcloud:tracks:74921713,420,,,https://soundcloud.com/playrecords/deadmau5-sex-lies-audiotape-redux-remix?utm_medium=api&utm_campaign=social_sharing&utm_source=id_59007
"Deadmau5 (Mix)","Cthulu Sleeps",,,soundcloud,soundcloud:tracks:242779853,732,,,https://soundcloud.com/noise-preacher/cthulu-sleeps-deadmau5-np-cut?utm_medium=api&utm_campaign=social_sharing&utm_source=id_59007
"M6) DUEL! My Name is Jeff ~ The Joy of Compilation","Rejected Flight Attendant 2: Get Ready To Rumble",,,soundcloud,soundcloud:tracks:2398962108,214,,,https://soundcloud.com/reject-rumble-2/freddy-tyler-moore?utm_medium=api&utm_campaign=social_sharing&utm_source=id_59007
"The Cool Guy Of Bel Air [Will Smith vs Devin Montes]","Maxium Steele",,,soundcloud,soundcloud:tracks:129129794,180,,,https://soundcloud.com/maxium_steele/the-cool-guy-of-bel-air-will?utm_medium=api&utm_campaign=social_sharing&utm_source=id_59007
"Heart Rate Rise",DOGTOY,,TCAHK2384738,soundcloud,soundcloud:tracks:1611902244,326,,,https://soundcloud.com/909worldwide/heart-rate-rise?utm_medium=api&utm_campaign=social_sharing&utm_source=id_59007
"The Rockafeller Skank (Mulder's Urban Takeover Remix)","Fatboy Slim",,GBBMQ9800127,soundcloud,soundcloud:tracks:56501635,356,,,https://soundcloud.com/fatboyslim/the-rockafeller-skank-mulders?utm_medium=api&utm_campaign=social_sharing&utm_source=id_59007
"OG fortnite theme (Only staying up cuz of plays)","Epic Games",,,soundcloud,soundcloud:tracks:523743489,3601,,,https://soundcloud.com/neoghostmusic/og-fortnite-theme-free-download?utm_medium=api&utm_campaign=social_sharing&utm_source=id_59007
"End of the Earth by Epic Games (Fortnite Festival Jam Track)",TANUKI,,,soundcloud,soundcloud:tracks:2159653404,171,,,https://soundcloud.com/tanuki-469388778/end-of-the-earth-by-epic-games?utm_medium=api&utm_campaign=social_sharing&utm_source=id_59007
"Show Them Who We Are Loop -  Lobby Music Pack","Nite Gamic",,QZHPJ2257457,soundcloud,soundcloud:tracks:1307339011,191,,,https://soundcloud.com/nitegamic/fortnite-show-them-who-we-are-loop-lobby-music-pack?utm_medium=api&utm_campaign=social_sharing&utm_source=id_59007
"Kammy (like i do)","Fred again..",,GBAHS2201029,soundcloud,soundcloud:tracks:1343786827,239,,,https://soundcloud.com/fredagain/kammy-like-i-do?utm_medium=api&utm_campaign=social_sharing&utm_source=id_59007
"Kelly (end of a nightmare) [Lukas Goss Remake + Edit]","Fred Again.., Wet",,,soundcloud,soundcloud:tracks:1857058962,91,,,https://soundcloud.com/itslukasgoss/fred-again-kelly-end-of-a-nightmare-lukas-goss-remake-edit?utm_medium=api&utm_campaign=social_sharing&utm_source=id_59007
"Fresh (Instrumental)","Friday Night Funkin'",,,soundcloud,soundcloud:tracks:1037026585,82,,,https://soundcloud.com/kawaispritefak/friday-night-funkin-fresh-instrumental?utm_medium=api&utm_campaign=social_sharing&utm_source=id_59007
"Life is good (instrumental)","Future ft Drake",,,soundcloud,soundcloud:tracks:792908791,241,,,https://soundcloud.com/user-412335318/future-ft-drake-life-is-good?utm_medium=api&utm_campaign=social_sharing&utm_source=id_59007
"Grand Theft Auto San Andreas Radio X",FUrThER-AM,,,soundcloud,soundcloud:tracks:137105795,3589,,,https://soundcloud.com/furtheram/grand-theft-auto-san-andreas?utm_medium=api&utm_campaign=social_sharing&utm_source=id_59007
"Thos Moser","food house, Gupi, Fraxiom",,USZ4V2000069,soundcloud,soundcloud:tracks:756446608,263,,,https://soundcloud.com/gupimusic/thos-moser?utm_medium=api&utm_campaign=social_sharing&utm_source=id_59007
"Simple And Clean","Hikaru Utada",,JPTO00201767,soundcloud,soundcloud:tracks:358304288,301,,,https://soundcloud.com/hikaruutada/simple-and-clean?utm_medium=api&utm_campaign=social_sharing&utm_source=id_59007
"Addicted To You (Re-Recording)","Hikaru Utada",,JPU902400835,soundcloud,soundcloud:tracks:1797088684,269,,,https://soundcloud.com/hikaruutada/addicted-to-you-re-recording?utm_medium=api&utm_campaign=social_sharing&utm_source=id_59007
Brothel,Husky,,,soundcloud,soundcloud:tracks:618856083,182,,,https://soundcloud.com/husky-archive/husky-brothel?utm_medium=api&utm_campaign=social_sharing&utm_source=id_59007
"Jungle Bae (feat. Bunji Garlin & MX Prime)","Jack , Skrillex, Diplo",,,soundcloud,soundcloud:tracks:689683918,253,,,https://soundcloud.com/cristiantorres-9/jungle-bae-feat-bunji-garlin-mx-prime?utm_medium=api&utm_campaign=social_sharing&utm_source=id_59007
gurnside,"Jackson From Online",,TCAHK2384877,soundcloud,soundcloud:tracks:1611901599,218,,,https://soundcloud.com/909worldwide/gurnside?utm_medium=api&utm_campaign=social_sharing&utm_source=id_59007
"Wow Freestyle (feat. Kendrick Lamar)","Jay Rock",,USUG11801039,soundcloud,soundcloud:tracks:457375101,175,,,https://soundcloud.com/jayrockofficial/wow-freestyle-feat-kendrick?utm_medium=api&utm_campaign=social_sharing&utm_source=id_59007
"Jet Set Radio","Deavid Soul",,,soundcloud,soundcloud:tracks:307327298,324,,,https://soundcloud.com/maya-ampora-ochoa/on-the-bowl?utm_medium=api&utm_campaign=social_sharing&utm_source=id_59007
"Exit Sign",Kah-Lo,,US5ED1900121,soundcloud,soundcloud:tracks:693414139,208,,,https://soundcloud.com/kahlomusic/exit-sign?utm_medium=api&utm_campaign=social_sharing&utm_source=id_59007
"Q (feat. Pussy Riot)","Kai Whiston",,USA2P2227617,soundcloud,soundcloud:tracks:1324646587,239,,,https://soundcloud.com/kaiwhiston/q-feat-pussy-riot?utm_medium=api&utm_campaign=social_sharing&utm_source=id_59007
"Too Easy","Kanye West",,,soundcloud,soundcloud:tracks:1222239436,178,,,https://soundcloud.com/den-steen_10200417/too-easy?utm_medium=api&utm_campaign=social_sharing&utm_source=id_59007
"300 This Is Sparta REMIX (by Keaton’s World)",nlolhere,,,soundcloud,soundcloud:tracks:995054596,136,,,https://soundcloud.com/nlolhere/300-this-is-sparta-remix-by?utm_medium=api&utm_campaign=social_sharing&utm_source=id_59007
Abracadabra,"Lady Gaga",,USUM72412581,soundcloud,soundcloud:tracks:2024565124,223,,,https://soundcloud.com/ladygaga/abracadabra?utm_medium=api&utm_campaign=social_sharing&utm_source=id_59007
"The Legend of Zelda: Ocarina of Time OST: Last Battle","Koji Kondo",,,soundcloud,soundcloud:tracks:318149641,131,,,https://soundcloud.com/gabe-ninja/the-legend-of-zelda-ocarina-of-time-ost-last-battle?utm_medium=api&utm_campaign=social_sharing&utm_source=id_59007
"The Legend Of Zelda Breath Of The Wild","Mipha's Theme",,,soundcloud,soundcloud:tracks:314327778,80,,,https://soundcloud.com/exitium7601/miphas-theme-the-legend-of-zelda-breath-of-the-wild?utm_medium=api&utm_campaign=social_sharing&utm_source=id_59007
"move for me & the penultimate dagger",leroy,,QZH5E2222060,soundcloud,soundcloud:tracks:1269096379,383,,,https://soundcloud.com/c0ncernn/s3-e11?utm_medium=api&utm_campaign=social_sharing&utm_source=id_59007
"Threw It On The Ground (Album Version)","The Lonely Island",,USUM71105314,soundcloud,soundcloud:tracks:256261730,159,,,https://soundcloud.com/thelonelyisland/threw-it-on-the-ground-album?utm_medium=api&utm_campaign=social_sharing&utm_source=id_59007
"Born Dis Way (ft. Kush Jones & Scatta)","Los & Swisha",,QZHPJ1906816,soundcloud,soundcloud:tracks:283662680,270,,,https://soundcloud.com/dj-swisha/born-dis-way?utm_medium=api&utm_campaign=social_sharing&utm_source=id_59007
"Mac Miller- Self Care Pt.2 Oblivion (Slowed+Reverb)","Sad Compa",,,soundcloud,soundcloud:tracks:1120705636,168,,,https://soundcloud.com/alanxxc/mac-miller-self-care-pt2-oblivion-slowedreverb?utm_medium=api&utm_campaign=social_sharing&utm_source=id_59007
"Machine Love","Jamie Paige",,QZPJ32342607,soundcloud,soundcloud:tracks:1853735691,217,,,https://soundcloud.com/jamieirl/machine-love?utm_medium=api&utm_campaign=social_sharing&utm_source=id_59007
Music,Madonna,,USWB10903599,soundcloud,soundcloud:tracks:10595967,226,,,https://soundcloud.com/madonna/music-album-version?utm_medium=api&utm_campaign=social_sharing&utm_source=id_59007
"Dreamlover (Def Club Mix)","Mariah Carey",,USSM19303182,soundcloud,soundcloud:tracks:257053060,646,,,https://soundcloud.com/mariahcarey/dreamlover-def-club-mix?utm_medium=api&utm_campaign=social_sharing&utm_source=id_59007
"Venetian Bitch","Martyn Bootyspoon",,,soundcloud,soundcloud:tracks:1794155743,103,,,https://soundcloud.com/dustyy77/venetian-bitch?utm_medium=api&utm_campaign=social_sharing&utm_source=id_59007
"Bruna, TU JÁ PAROU PRA PENSAR - DJ WZL - COM GRAVE [GRAVES DO SUCESSO]","MC Niack",,,soundcloud,soundcloud:tracks:1281659128,157,,,https://soundcloud.com/leonardo-jesus-639802846/mc-niack-bruna-tu-ja-parou-pra?utm_medium=api&utm_campaign=social_sharing&utm_source=id_59007
"Like A G6 Freestyle (#MeganMonday)","Megan Thee Stallion",,,soundcloud,soundcloud:tracks:1826924679,85,,,https://soundcloud.com/user-570649350/megan-thee-stallion-like-a-g6?utm_medium=api&utm_campaign=social_sharing&utm_source=id_59007
radio,"Musiq Soulchild",,USAT20802745,soundcloud,soundcloud:tracks:256133310,189,,,https://soundcloud.com/musiqsoulchildofficial/radio?utm_medium=api&utm_campaign=social_sharing&utm_source=id_59007
"New Super Mario Bros. Wii","World 8- Lava Land",,,soundcloud,soundcloud:tracks:263067027,127,,,https://soundcloud.com/spryzen-edits/world-8-lava-land-new-super-mario-bros-wii?utm_medium=api&utm_campaign=social_sharing&utm_source=id_59007
"She Wants To Move",N.E.R.D.,,USVI20400016,soundcloud,soundcloud:tracks:349457059,216,,,https://soundcloud.com/nerd/she-wants-to-move?utm_medium=api&utm_campaign=social_sharing&utm_source=id_59007
"Anti Matter",N.E.R.D.,,USUM70814596,soundcloud,soundcloud:tracks:349457176,241,,,https://soundcloud.com/nerd/anti-matter-album-version?utm_medium=api&utm_campaign=social_sharing&utm_source=id_59007
"Main Theme N.M.H.","No More Heroes OST",,,soundcloud,soundcloud:tracks:323991747,338,,,https://soundcloud.com/user-798388012/no-more-heroes-ost-main-theme?utm_medium=api&utm_campaign=social_sharing&utm_source=id_59007
"Go Oli Go!","Oli XL",,GBBPW2100216,soundcloud,soundcloud:tracks:2130567237,263,,,https://soundcloud.com/oli_xl/go-oli-go?utm_medium=api&utm_campaign=social_sharing&utm_source=id_59007
"Hideki Naganuma /Ollie King OST","Too Fast",,,soundcloud,soundcloud:tracks:996996595,208,,,https://soundcloud.com/killer2017op/too-fast-hideki-naganuma-ollie?utm_medium=api&utm_campaign=social_sharing&utm_source=id_59007
"The Concept Of Love","Ollie King",,,soundcloud,soundcloud:tracks:271059629,282,,,https://soundcloud.com/victor-phill/ollie-king-ost-the-concept-of-love-concept-of-passion?utm_medium=api&utm_campaign=social_sharing&utm_source=id_59007
"BIG WAR pt1- Lil Darkie",?Z?,,,soundcloud,soundcloud:tracks:824556463,180,,,https://soundcloud.com/zimbobly-491684440/big-war-lil-darkie-pt1?utm_medium=api&utm_campaign=social_sharing&utm_source=id_59007
"Another life (feat. Rema)",PinkPantheress,,GBAYE2301686,soundcloud,soundcloud:tracks:1656138759,172,,,https://soundcloud.com/pinkpantheress/another-life-feat-rema?utm_medium=api&utm_campaign=social_sharing&utm_source=id_59007
"Theres A Zombie On Your Lawn","Plants Vs Zombies End Credits",,,soundcloud,soundcloud:tracks:105453196,172,,,https://soundcloud.com/fedeex-5/plants-vs-zombies-end-credits?utm_medium=api&utm_campaign=social_sharing&utm_source=id_59007
"Spaced Out II","Play Paul",,,soundcloud,soundcloud:tracks:464523246,324,,,https://soundcloud.com/deuspy/play-paul-spaced-out-2?utm_medium=api&utm_campaign=social_sharing&utm_source=id_59007
"XYZ English Opening Theme Song (Season 19)","Pokémon The Series",,,soundcloud,soundcloud:tracks:248026398,30,,,https://soundcloud.com/platinum-xyz/pokemon-the-series-xyz-english-opening-theme-song-season-19?utm_medium=api&utm_campaign=social_sharing&utm_source=id_59007
"Remix 2","Rhythm Heaven Fever",,,soundcloud,soundcloud:tracks:240678499,58,,,https://soundcloud.com/spongyoshi-spongette/rhythm-heaven-fever-remix-2?utm_medium=api&utm_campaign=social_sharing&utm_source=id_59007
"Love Rap [JP]","Rhythm Heaven Fever",,,soundcloud,soundcloud:tracks:458818287,116,,,https://soundcloud.com/maxim-forget/rhythm-heaven-fever-love-rap-jp?utm_medium=api&utm_campaign=social_sharing&utm_source=id_59007
"Karate Man (Rhythm Heaven Fever)","Lonely Storm",,,soundcloud,soundcloud:tracks:362331377,132,,,https://soundcloud.com/stepswitcher/lonely-storm-karate-man-rhythm-heaven-fever?utm_medium=api&utm_campaign=social_sharing&utm_source=id_59007
"Rhythm Heaven Fever","Tsunku, Masami Yone, Shinji Ushiroda, and Asuka Ito",,,soundcloud,soundcloud:tracks:2148028263,84,,,https://soundcloud.com/sens_belowstory/cafe-rhythm-heaven-fever?utm_medium=api&utm_campaign=social_sharing&utm_source=id_59007
"Karate Man 2 ~Lonely Storm~ [English]","[Rhythm Heaven Fever] Vocal",,,soundcloud,soundcloud:tracks:69704680,143,,,https://soundcloud.com/valentein-1/rhythm-heaven-fever-vocal?utm_medium=api&utm_campaign=social_sharing&utm_source=id_59007
0khz_-_130_molly_annoying.mp3,"River Moon & umru",,,soundcloud,soundcloud:tracks:1794155818,111,,,https://soundcloud.com/dustyy77/0khz-130_molly_annoying-mp3?utm_medium=api&utm_campaign=social_sharing&utm_source=id_59007
"Don't Stop Movin'","S Club",,GBCVL0100001,soundcloud,soundcloud:tracks:253632596,234,,,https://soundcloud.com/s-club/dont-stop-movin?utm_medium=api&utm_campaign=social_sharing&utm_source=id_59007
"Bed Intruder Song",ericsubmail,,,soundcloud,soundcloud:tracks:5734658,186,,,https://soundcloud.com/ericsubmail/bed-intruder-song-1?utm_medium=api&utm_campaign=social_sharing&utm_source=id_59007
"Maximum Joy","Shinichi Osawa",,JPB600747213,soundcloud,soundcloud:tracks:256022222,382,,,https://soundcloud.com/shinichiosawa/maximum-joy?utm_medium=api&utm_campaign=social_sharing&utm_source=id_59007
"Erotic Electronic",Slayyyter,,US4HB2200621,soundcloud,soundcloud:tracks:1590150383,144,,,https://soundcloud.com/slayyyter/erotic-electronic?utm_medium=api&utm_campaign=social_sharing&utm_source=id_59007
"Death Egg Zone Act 1","Sonic & Knuckles",,,soundcloud,soundcloud:tracks:261743057,106,,,https://soundcloud.com/rman41/sonic-knuckles-death-egg-zone-act-1?utm_medium=api&utm_campaign=social_sharing&utm_source=id_59007
"Get Edgy (Altitude Limit) (Normal And Blazy Mix)","Hideki Naganuma",,QZH5E2230612,soundcloud,soundcloud:tracks:1271526286,581,,,https://soundcloud.com/smokeweedmlg/sonic-rush-ost-get-edgy-normal-and-blazy-mix?utm_medium=api&utm_campaign=social_sharing&utm_source=id_59007
"E Talking",Soulwax,,BEP010400146,soundcloud,soundcloud:tracks:320932817,30,,,https://soundcloud.com/soulwaxofficial/e-talking?utm_medium=api&utm_campaign=social_sharing&utm_source=id_59007
splatoon,"octo valley area 1",,,soundcloud,soundcloud:tracks:899178169,103,,,https://soundcloud.com/user-75166143/octo-valley-area-1-splatoon?utm_medium=api&utm_campaign=social_sharing&utm_source=id_59007
"Off the Hook - Colour Pulse",SolCalibre™,,QM8DG1840717,soundcloud,soundcloud:tracks:332227622,179,,,https://soundcloud.com/sol64/splatoon-2-pearl-and-marinas-theme-extended?utm_medium=api&utm_campaign=social_sharing&utm_source=id_59007
"Splatoon 2 OST Octo Expansion Deepsea Metro Central Station","The Cursed Needle",,,soundcloud,soundcloud:tracks:1709758230,137,,,https://soundcloud.com/cursed-needle-22575595950/splatoon-2-ost-octo-expansion-deepsea-metro-central-station?utm_medium=api&utm_campaign=social_sharing&utm_source=id_59007
"Inside the Deepsea Metro Subway Car Splatoon 2 Octo Expansion","s4n1t1z3d toxins",,,soundcloud,soundcloud:tracks:960417334,270,,,https://soundcloud.com/user-752190988/inside-the-deepsea-metro?utm_medium=api&utm_campaign=social_sharing&utm_source=id_59007
"Splatoon 2 Octo Expansion (FINAL BOSS)","Fly Octo Fly ~ Ebb & Flow (Octo) [Off The Hook]",,,soundcloud,soundcloud:tracks:458201232,187,,,https://soundcloud.com/damein-baker-3/fly-octo-fly-ebb-flow-octo-off?utm_medium=api&utm_campaign=social_sharing&utm_source=id_59007
"Off The Hook (Splatoon 3)","We’re So Back",,,soundcloud,soundcloud:tracks:1777873542,140,,,https://soundcloud.com/pvz-dood/were-so-back-off-the-hook?utm_medium=api&utm_campaign=social_sharing&utm_source=id_59007
"Suffer No Fools - Off the Hook VS Fire & Ice","Splatoon 3",,,soundcloud,soundcloud:tracks:1780779216,142,,,https://soundcloud.com/pumpkinpie-326696652/splatoon-3-suffer-no-fools-off?utm_medium=api&utm_campaign=social_sharing&utm_source=id_59007
"Ego Overboard","Deep Cut",,,soundcloud,soundcloud:tracks:1804457148,64,,,https://soundcloud.com/andromeda-iscool/ego-overboard?utm_medium=api&utm_campaign=social_sharing&utm_source=id_59007
"Star Wars Max Rebo Cover - Return of the Jedi",Driftwood,,,soundcloud,soundcloud:tracks:1264333636,288,,,https://soundcloud.com/driftwood-beach-band/galactic-dance-blast-star-wars-max-rebo-cover-return-of-the-jedi?utm_medium=api&utm_campaign=social_sharing&utm_source=id_59007
"you don’t own me - saygrace ft. g-eazy _ ending part looped _ slowed (128 kbps).mp3",Y2meta.app,,,soundcloud,soundcloud:tracks:1938078938,223,,,https://soundcloud.com/axelcraft-juegos/y2meta-app-you-dont-own-me-1?utm_medium=api&utm_campaign=social_sharing&utm_source=id_59007
"Ricco Harbor (remix on LMMS)","Super Mario Sunshine",,,soundcloud,soundcloud:tracks:453355131,125,,,https://soundcloud.com/adriou/super-mario-sunshine-ricco-harbor-remix-on-lmms?utm_medium=api&utm_campaign=social_sharing&utm_source=id_59007
"Vs. Boss","Super Mario Sunshine OST",,,soundcloud,soundcloud:tracks:106069394,204,,,https://soundcloud.com/vybenet/super-mario-sunshine-ost-vs-1?utm_medium=api&utm_campaign=social_sharing&utm_source=id_59007
"USB Dick (Plug me in)","Teenage Bad Girl",,FRU660711203,soundcloud,soundcloud:tracks:330502842,244,,,https://soundcloud.com/teenagebadgirl/usb-dick-plug-me-in?utm_medium=api&utm_campaign=social_sharing&utm_source=id_59007
"Sleep Deprived","Tenkitsune, Snappy",,QM42K1872516,soundcloud,soundcloud:tracks:443924346,220,,,https://soundcloud.com/tenkitsunemusic/sleep-deprived-feat-snappy?utm_medium=api&utm_campaign=social_sharing&utm_source=id_59007
"Disco Computer","Trans Volta",,,soundcloud,soundcloud:tracks:6612378,448,,,https://soundcloud.com/openeyefilms/trans-volta-disco-computer?utm_medium=api&utm_campaign=social_sharing&utm_source=id_59007
"STARGAZING pt.1 (22Leon remix)",22Leon,,,soundcloud,soundcloud:tracks:2244302627,238,,,https://soundcloud.com/22leonmusic/travis-scott-stargazing-pt-1?utm_medium=api&utm_campaign=social_sharing&utm_source=id_59007
"Travis Scott Ft. Drake (1st Beat EXTENDED) Prod. By MvxJulien","SICKO MODE",,,soundcloud,soundcloud:tracks:496939686,192,,,https://soundcloud.com/mvxjulien/sicko-mode-travis-scott-ft?utm_medium=api&utm_campaign=social_sharing&utm_source=id_59007
"MY EYES - Second Part 1 Hour Loop","Travis Scott",,,soundcloud,soundcloud:tracks:1672656456,3609,,,https://soundcloud.com/user-81760703/travis-scott-my-eyes-second?utm_medium=api&utm_campaign=social_sharing&utm_source=id_59007
"FAIR TRADE pt.1 (KRAKEN369REMIX)","Kraken369, Drake, Travis Scott",,,soundcloud,soundcloud:tracks:1995984715,160,,,https://soundcloud.com/alex-kraken-serban/drake-ft-travis-scott-fair-trade-pt1-kraken369remix?utm_medium=api&utm_campaign=social_sharing&utm_source=id_59007
"Got Me Started","Troye Sivan",,AUUM72300183,soundcloud,soundcloud:tracks:1620953208,198,,,https://soundcloud.com/troye-sivan/troye-sivan-got-me-started?utm_medium=api&utm_campaign=social_sharing&utm_source=id_59007
"2SEATER (feat. Aaron Shaw, Samantha Nelson & Austin Feinstein)","Tyler, The Creator feat. Aaron Shaw, Samantha Nelson, and Austin Feinstein",,USQX91500710,soundcloud,soundcloud:tracks:254201305,30,,,https://soundcloud.com/tylerthecreatorofficial/2seater?utm_medium=api&utm_campaign=social_sharing&utm_source=id_59007
HI,Unghetto,,USSM12103575,soundcloud,soundcloud:tracks:1074489133,173,,,https://soundcloud.com/unghetto-mathieu/hi?utm_medium=api&utm_campaign=social_sharing&utm_source=id_59007
"Uzi- Blue","Twitter: @dr_kaleemm",,,soundcloud,soundcloud:tracks:182455101,145,,,https://soundcloud.com/kendrick-lamar-29/uzi-blue?utm_medium=api&utm_campaign=social_sharing&utm_source=id_59007
"Will.I.Am ft. Britney Spears, Lil Wayne, Diddy, Waka Flocka Flame & Hit-Boy","Scream & Shout Remix",,,soundcloud,soundcloud:tracks:89122740,339,,,https://soundcloud.com/dndxxprstls/scream-shout-remix-will-i-am?utm_medium=api&utm_campaign=social_sharing&utm_source=id_59007
"LIKE IT",X&G,,,soundcloud,soundcloud:tracks:652001738,238,,,https://soundcloud.com/xandg/likeit?utm_medium=api&utm_campaign=social_sharing&utm_source=id_59007
"The Darkness (Remix) [with Sarah Bonito, Hannah Diamond]","A. G. Cook, Sarah Bonito, Hannah Diamond",,USA2P2114837,soundcloud,soundcloud:tracks:1039310263,247,,,https://soundcloud.com/agcook/the-darkness-remix-with-sarah?utm_medium=api&utm_campaign=social_sharing&utm_source=id_59007
"ASAP Forever Bowski remix","Asap Rocky ft Moby",,,soundcloud,soundcloud:tracks:1725496140,162,,,https://soundcloud.com/stillmuzik/rocky2?utm_medium=api&utm_campaign=social_sharing&utm_source=id_59007
"Solitary Ceremonies","The Avalanches",,AUUM72000707,soundcloud,soundcloud:tracks:944853904,74,,,https://soundcloud.com/theavalanches/solitary-ceremonies?utm_medium=api&utm_campaign=social_sharing&utm_source=id_59007
"i'm a huge gamer most of the time","bill wurtz",,QZK6Q2261437,soundcloud,soundcloud:tracks:1304086378,148,,,https://soundcloud.com/billwurtz/im-a-huge-gamer-most-of-the-time?utm_medium=api&utm_campaign=social_sharing&utm_source=id_59007
"Bill Wurtz┆★😵‍💫","😵‍💫★┆I like to wear soft clothing",,,soundcloud,soundcloud:tracks:1324424431,205,,,https://soundcloud.com/user-raystro/i-like-to-wear-soft-clothing?utm_medium=api&utm_campaign=social_sharing&utm_source=id_59007
"FIVE YEARS  [STUDIO 1997]",BJORK,,,soundcloud,soundcloud:tracks:1929280787,146,,,https://soundcloud.com/kwek-kwek-841715095/bjork-five-years-studio-1997?utm_medium=api&utm_campaign=social_sharing&utm_source=id_59007
"bo burnham","bo burnham",,,soundcloud,soundcloud:tracks:1794858748,247,,,https://soundcloud.com/wufflzishere/new-math?utm_medium=api&utm_campaign=social_sharing&utm_source=id_59007
B.O.A.T.,"Camila Cabello",,USUG12402123,soundcloud,soundcloud:tracks:1857810933,177,,,https://soundcloud.com/camilacabello/b-o-a-t?utm_medium=api&utm_campaign=social_sharing&utm_source=id_59007
"Look At Me Now // Yung Skrrt Remix","Caroline Polachek",,,soundcloud,soundcloud:tracks:708035086,155,,,https://soundcloud.com/yungskrrt/lookatmenow?utm_medium=api&utm_campaign=social_sharing&utm_source=id_59007
"Heaven (feat. Sarah Bonito)",CFCF,,USYBL2100455,soundcloud,soundcloud:tracks:1023977026,332,,,https://soundcloud.com/cfcf/heaven?utm_medium=api&utm_campaign=social_sharing&utm_source=id_59007
"Brimful of Asha (Norman Cook Remix)",Cornershop,,GBBMQ9700126,soundcloud,soundcloud:tracks:277368355,241,,,https://soundcloud.com/cornershop/brimful-of-asha-norman-cook-1?utm_medium=api&utm_campaign=social_sharing&utm_source=id_59007
boythots,daine,,AUWA02201128,soundcloud,soundcloud:tracks:1311315157,138,,,https://soundcloud.com/d4ine/boythots?utm_medium=api&utm_campaign=social_sharing&utm_source=id_59007
"Monopoly feat. Noonie Bao",EASYFUN,,UK9951601201,soundcloud,soundcloud:tracks:293125182,191,,,https://soundcloud.com/pcmus/monopoly?utm_medium=api&utm_campaign=social_sharing&utm_source=id_59007
H.O.L.Y.,"Florida Georgia Line",,QM3E21602008,soundcloud,soundcloud:tracks:259071491,194,,,https://soundcloud.com/flagaline/h-o-l-y?utm_medium=api&utm_campaign=social_sharing&utm_source=id_59007
"I Won't Dance","Fred Astaire",,AUDD31105070,soundcloud,soundcloud:tracks:326222615,185,,,https://soundcloud.com/fred-astaire-official/i-wont-dance-4?utm_medium=api&utm_campaign=social_sharing&utm_source=id_59007
"Friday Night Funkin' OST","Breakfast (Pause Menu)",,,soundcloud,soundcloud:tracks:1019307832,108,,,https://soundcloud.com/kawaispritefak/breakfast-pause-menu-friday-night-funkin-ost?utm_medium=api&utm_campaign=social_sharing&utm_source=id_59007
"Green Leaves",Yatta!!!,,,soundcloud,soundcloud:tracks:921791155,239,,,https://soundcloud.com/mike-bobby-29452642/yatta-green-leaves?utm_medium=api&utm_campaign=social_sharing&utm_source=id_59007
"光 (Simple And Clean) - REMIX","Osamu Fukuzawa",,QZH5E2245946,soundcloud,soundcloud:tracks:1276131412,274,,,https://soundcloud.com/yukichi031/hikari-remix?utm_medium=api&utm_campaign=social_sharing&utm_source=id_59007
"The Concept Of Love (Mesmerist Remix) [Jet Set Radio Future]","Hideki Naganuma",,,soundcloud,soundcloud:tracks:405315678,258,,,https://soundcloud.com/mesmerist-the-cat/hideki-naganuma-the-concept-of-love-mesmerist-remix-jet-set-radio-future?utm_medium=api&utm_campaign=social_sharing&utm_source=id_59007
D.R.E.A.M.,"Mystery Skulls",,,soundcloud,soundcloud:tracks:230726550,200,,,https://soundcloud.com/player_2_guy/mystery-skulls-dream?utm_medium=api&utm_campaign=social_sharing&utm_source=id_59007
"It Takes A Muscle",M.I.A,,,soundcloud,soundcloud:tracks:6406960,181,,,https://soundcloud.com/diplo/it-takes-a-muscle?utm_medium=api&utm_campaign=social_sharing&utm_source=id_59007
"Internet Connection (Flux Pavilion Remix)",M.I.A,,,soundcloud,soundcloud:tracks:36860687,275,,,https://soundcloud.com/flux-pavilion/m-i-a-internet-connection-flux?utm_medium=api&utm_campaign=social_sharing&utm_source=id_59007
"NYC's A GRAVEYARD @angel__emoji Edit 128bpm","The Moldy Peaches",,,soundcloud,soundcloud:tracks:1794155731,187,,,https://soundcloud.com/dustyy77/nycs-a-graveyard-angel-emoji?utm_medium=api&utm_campaign=social_sharing&utm_source=id_59007
"Potter Puppet Pals- The Mysterious Ticking Noise",PixelmonMaster12,,,soundcloud,soundcloud:tracks:345160441,127,,,https://soundcloud.com/user-305055599/potter-puppet-pals-the-mysterious-ticking-noise?utm_medium=api&utm_campaign=social_sharing&utm_source=id_59007
"Neon Genesis Evangelion  Komm Süsser Tod Synthwave 80s German Cover","Liebes Mädel",,,soundcloud,soundcloud:tracks:1150771909,335,,,https://soundcloud.com/log-info/neon-genesis-evangelion-komm?utm_medium=api&utm_campaign=social_sharing&utm_source=id_59007
"New Super Mario Bros. Wii","World 5- Forest Land",,,soundcloud,soundcloud:tracks:263066910,89,,,https://soundcloud.com/spryzen-edits/world-5-forest-land-new-super-mario-bros-wii?utm_medium=api&utm_campaign=social_sharing&utm_source=id_59007
"Bohemian Rhapsody","Panic! At The Disco",,,soundcloud,soundcloud:tracks:168159919,360,,,https://soundcloud.com/chaxelos/panic-at-the-disco-bohemian-rhapsody?utm_medium=api&utm_campaign=social_sharing&utm_source=id_59007
"Bohemian Rhapsody",Queen,,,soundcloud,soundcloud:tracks:115417954,353,,,https://soundcloud.com/rizky-rilos/queen-bohemian-rhapsody?utm_medium=api&utm_campaign=social_sharing&utm_source=id_59007
"It's My Belly Button (Rhett And Link)",Conman_123,,,soundcloud,soundcloud:tracks:147674633,142,,,https://soundcloud.com/conman_123/its-my-belly-button-rhett-and-link?utm_medium=api&utm_campaign=social_sharing&utm_source=id_59007
"Rhythm Heaven(DS)-OST Game Select 2",CharlesOst,,,soundcloud,soundcloud:tracks:1881947145,103,,,https://soundcloud.com/tania-lopez-534950432/rhythm-heaven-ds-ost-game-1?utm_medium=api&utm_campaign=social_sharing&utm_source=id_59007
"Rhythm Heaven Fever","Built To Scale",,,soundcloud,soundcloud:tracks:387145412,80,,,https://soundcloud.com/stepswitcher/built-to-scale-rhythm-heaven-fever?utm_medium=api&utm_campaign=social_sharing&utm_source=id_59007
"[Rhythm Heaven Fever] Launch Party",MusicLover,,,soundcloud,soundcloud:tracks:682524032,93,,,https://soundcloud.com/preston-rideout/rhythm-heaven-fever-launch-party?utm_medium=api&utm_campaign=social_sharing&utm_source=id_59007
"[Rhythm Heaven Fever]  Built to Scale 2 (Perfect)","ace <3",,,soundcloud,soundcloud:tracks:1959092151,97,,,https://soundcloud.com/finn-133292477/rhythm-heaven-fever-built-to?utm_medium=api&utm_campaign=social_sharing&utm_source=id_59007
"Read Something","Rhythm Heaven Fever",,,soundcloud,soundcloud:tracks:604552011,142,,,https://soundcloud.com/ruberjig-kun/read-something-rhythm-heaven-fever?utm_medium=api&utm_campaign=social_sharing&utm_source=id_59007
Push,"Shinichi Osawa",,JPB600747206,soundcloud,soundcloud:tracks:256022142,233,,,https://soundcloud.com/shinichiosawa/push?utm_medium=api&utm_campaign=social_sharing&utm_source=id_59007
"Would You Ever","Skrillex & Poo Bear",,USAT21702382,soundcloud,soundcloud:tracks:334930438,234,,,https://soundcloud.com/skrillex/wouldyouever?utm_medium=api&utm_campaign=social_sharing&utm_source=id_59007
"Grizzco Industries (Salmon Run) - Splatoon 2 Official Soundtrack","Happy Little Workers",,,soundcloud,soundcloud:tracks:336719775,182,,,https://soundcloud.com/user-550331963/happy-little-workers-grizzco-industries-salmon-run-splatoon-2-official-soundtrack?utm_medium=api&utm_campaign=social_sharing&utm_source=id_59007
"Super Mario Odyssey Soundtrack",Dystifyzer,,,soundcloud,soundcloud:tracks:349140467,265,,,https://soundcloud.com/dappa-fuster/forgotten-isle-2-lost-kingdom?utm_medium=api&utm_campaign=social_sharing&utm_source=id_59007
"WUSYANAME (feat. Youngboy Never Broke Again & Ty Dolla $ign)","Tyler, The Creator",,USQX92102132,soundcloud,soundcloud:tracks:1074518497,122,,,https://soundcloud.com/tylerthecreatorofficial/tyler-the-creator-wusyaname?utm_medium=api&utm_campaign=social_sharing&utm_source=id_59007
"losin my mind","umru, emotegi, Aj simons",,USA2P2206571,soundcloud,soundcloud:tracks:1225827877,155,,,https://soundcloud.com/umru/umru-emotegi-aj-simons-losin?utm_medium=api&utm_campaign=social_sharing&utm_source=id_59007
ANTONYMPH,"Vylet Pony",,QZHNC2100262,soundcloud,soundcloud:tracks:1145314261,242,,,https://soundcloud.com/vyletpony/antonymph?utm_medium=api&utm_campaign=social_sharing&utm_source=id_59007
"fishing results","wii play",,,soundcloud,soundcloud:tracks:1939915409,69,,,https://soundcloud.com/user492183215/wii-play-fishing-results?utm_medium=api&utm_campaign=social_sharing&utm_source=id_59007
"Interplanetary (Openair Mix)","The Young Punx",,GBLEA0600009,soundcloud,soundcloud:tracks:339351864,399,,,https://soundcloud.com/theyoungpunx/interplanetary-openair-mix?utm_medium=api&utm_campaign=social_sharing&utm_source=id_59007
ɵੂ≢࿃ूੂ೧ູఠీੂ؞ؙؖ⁽⁾ا҉҈҉҈҉҈҉҈҉҈҉҈҉҈҉҈҉҈҉҈҉҈҉҈҉,"⣎⡇ꉺლ༽இ•̛)ྀ◞ ༎ຶ ༽ৣৢ؞ৢ؞ؖ ꉺლ",,,soundcloud,soundcloud:tracks:1504002814,103,,,https://soundcloud.com/thirtythreetwoone/cryptic4?utm_medium=api&utm_campaign=social_sharing&utm_source=id_59007
MA),"Rapid Crew (Can't Move Me) (ft. TV",,,soundcloud,soundcloud:tracks:1713721080,190,,,https://soundcloud.com/2mello/2-mello-sounds-of-tokyo-to-future-rapid-crew?utm_medium=api&utm_campaign=social_sharing&utm_source=id_59007
"Space Cadet Music","Pinball 3D",,,soundcloud,soundcloud:tracks:1447967071,528,,,https://soundcloud.com/user-168591305/pinball-3d-space-cadet?utm_medium=api&utm_campaign=social_sharing&utm_source=id_59007
"Alice dj Better off alone",MarnieQB,,,soundcloud,soundcloud:tracks:157291744,227,,,https://soundcloud.com/marnie_10f/alice-dj-better-off-alone?utm_medium=api&utm_campaign=social_sharing&utm_source=id_59007
"100 bars pt1","Jj Smokein Loud",,,soundcloud,soundcloud:tracks:302786225,170,,,https://soundcloud.com/jj-smokein-loud/100-bars-pt1?utm_medium=api&utm_campaign=social_sharing&utm_source=id_59007
"BREAK MY SOUL (THE QUEENS REMIX)","Beyoncé, Madonna",,USSM12207557,soundcloud,soundcloud:tracks:1318922323,356,,,https://soundcloud.com/beyonce/beyonce-madonna-break-my-soul?utm_medium=api&utm_campaign=social_sharing&utm_source=id_59007
"BREAK MY SOUL",Beyoncé,,USSM12206234,soundcloud,soundcloud:tracks:1291338667,278,,,https://soundcloud.com/beyonce/break_my_soul?utm_medium=api&utm_campaign=social_sharing&utm_source=id_59007
"YSSMIAC - Remix","Billie Eilish",,,soundcloud,soundcloud:tracks:562129107,186,,,https://soundcloud.com/user-427255429/yssmiac?utm_medium=api&utm_campaign=social_sharing&utm_source=id_59007
insane-(milkfish-normal-mix).ₘₚ₃,bktherula,,,soundcloud,soundcloud:tracks:1794155617,208,,,https://soundcloud.com/dustyy77/insane-milkfish-normal-mix?utm_medium=api&utm_campaign=social_sharing&utm_source=id_59007
argyle,brakence,,USSM12107440,soundcloud,soundcloud:tracks:1136024980,165,,,https://soundcloud.com/brakence/argyle?utm_medium=api&utm_campaign=social_sharing&utm_source=id_59007
"Kehlani x Charlie Puth","Hotline Bling",,,soundcloud,soundcloud:tracks:222226762,176,,,https://soundcloud.com/kehlanimusic/hotline-bling-kehlani-x-charlieputh?utm_medium=api&utm_campaign=social_sharing&utm_source=id_59007
Again,Crusher-P,,QZ9JZ1731490,soundcloud,soundcloud:tracks:339669315,248,,,https://soundcloud.com/crusher-p/crusher-p-ft-gumi-english-again?utm_medium=api&utm_campaign=social_sharing&utm_source=id_59007
"“Retrogenesis” by Private Press",Cyberpunk,,,soundcloud,soundcloud:tracks:1474630402,333,,,https://soundcloud.com/zion-bressanin/retrogenesis-by-private-press?utm_medium=api&utm_campaign=social_sharing&utm_source=id_59007
"Deltarune - 24 Vs. Susie","Toby Fox",,,soundcloud,soundcloud:tracks:523853934,81,,,https://soundcloud.com/user-27299133/toby-fox-deltarune-24-vs-susie?utm_medium=api&utm_campaign=social_sharing&utm_source=id_59007
"I Remember (feat. DJ Khaled)","Yo Gotti feat. DJ Khaled",,USSM11610179,soundcloud,soundcloud:tracks:298765607,30,,,https://soundcloud.com/yogottikom/i-remember?utm_medium=api&utm_campaign=social_sharing&utm_source=id_59007
Lights,"Ellie Goulding",,GBUM71001002,soundcloud,soundcloud:tracks:255849571,244,,,https://soundcloud.com/elliegoulding/lights?utm_medium=api&utm_campaign=social_sharing&utm_source=id_59007
₊˚⊹♡lights_ps2_edit_160bpm_G♯m♡⊹˚₊,ellie_goulding,,,soundcloud,soundcloud:tracks:1794155584,204,,,https://soundcloud.com/dustyy77/lights_ps2_edit_160bpm_g-m?utm_medium=api&utm_campaign=social_sharing&utm_source=id_59007
"oh my love (arj_e remix)","fka twigs, arj_e",,,soundcloud,soundcloud:tracks:2353221323,187,,,https://soundcloud.com/aarj_e/fka-twigs-oh-my-love-arj_e?utm_medium=api&utm_campaign=social_sharing&utm_source=id_59007
"THATS COMBUSTIBLE","FRAXIOM X RICCO HARVER",,,soundcloud,soundcloud:tracks:732053830,134,,,https://soundcloud.com/thriveordie/fraxiom-x-ricco-harver-thats?utm_medium=api&utm_campaign=social_sharing&utm_source=id_59007
"glass beach","glass beach",,,soundcloud,soundcloud:tracks:622572174,441,,,https://soundcloud.com/glassbeach/glass-beach?utm_medium=api&utm_campaign=social_sharing&utm_source=id_59007
"Maü Shit (XYZ album)","IglooGhost, BABii, Kai Whiston",,,soundcloud,soundcloud:tracks:2075316808,259,,,https://soundcloud.com/flank-boi/iglooghost-babii-kai-whiston?utm_medium=api&utm_campaign=social_sharing&utm_source=id_59007
"DROP IT LIKE IT'S HOT! [PROD. LUGA]",HAARPER,,QZHN32080624,soundcloud,soundcloud:tracks:831476131,136,,,https://soundcloud.com/haarper/dropitlikeitshot?utm_medium=api&utm_campaign=social_sharing&utm_source=id_59007
"Spicy (Leemz Remix)",Leemz,,,soundcloud,soundcloud:tracks:734280706,137,,,https://soundcloud.com/itsleemz/herve-pagez-diplo-ft-charli-xcx-spicy-leemz-remix?utm_medium=api&utm_campaign=social_sharing&utm_source=id_59007
"One Last Kiss","Hikaru Utada",,JPU902003218,soundcloud,soundcloud:tracks:2362808951,250,,,https://soundcloud.com/hikaruutada/one-last-kiss-1?utm_medium=api&utm_campaign=social_sharing&utm_source=id_59007
"Garbage Pale Kids Ft. IShowSpeed","Ninjah 3",,,soundcloud,soundcloud:tracks:2115822234,154,,,https://soundcloud.com/user-858776769/jpegmafia-x-danny-brown-garbage-pale-kids-ft-ishowspeed?utm_medium=api&utm_campaign=social_sharing&utm_source=id_59007
Afterimage,"Justice, RIMON",,FR8EU2300030,soundcloud,soundcloud:tracks:1807721334,246,,,https://soundcloud.com/justice-official/justice-rimon-afterimage?utm_medium=api&utm_campaign=social_sharing&utm_source=id_59007
Applause,"Lady Gaga",,USUM71310271,soundcloud,soundcloud:tracks:271225921,213,,,https://soundcloud.com/ladygaga/applause?utm_medium=api&utm_campaign=social_sharing&utm_source=id_59007
"By_Myslf (Josh Abraham and Mike Shinoda Reanimation)","Linkin Park",,USWB10201929,soundcloud,soundcloud:tracks:255824462,222,,,https://soundcloud.com/linkinpark/by_myslf?utm_medium=api&utm_campaign=social_sharing&utm_source=id_59007
"H! Vltg3 (Evidence Reanimation) [feat. Pharoahe Monch and DJ Babu]","Linkin Park",,USWB10201921,soundcloud,soundcloud:tracks:255824431,211,,,https://soundcloud.com/linkinpark/h-vltg3?utm_medium=api&utm_campaign=social_sharing&utm_source=id_59007
"Excruciating Deth (Phase γ)","Machine Girl",,,soundcloud,soundcloud:tracks:1508761099,294,,,https://soundcloud.com/nikindos/excruciating-deth-phase-g?utm_medium=api&utm_campaign=social_sharing&utm_source=id_59007
"Mario Kart 8 Deluxe OST","Start Screen",,,soundcloud,soundcloud:tracks:1733755275,173,,,https://soundcloud.com/a-820935462/start-screen-mario-kart-8?utm_medium=api&utm_campaign=social_sharing&utm_source=id_59007
"Dance (The Young Punx Mix)",Medcab,,,soundcloud,soundcloud:tracks:68154606,428,,,https://soundcloud.com/theyoungpunx/medcab-dance-the-young-punx?utm_medium=api&utm_campaign=social_sharing&utm_source=id_59007
"M.I.A.- 10 Dollar (The Machine Fighter Remix)","The Machine Fighter",,,soundcloud,soundcloud:tracks:100218495,325,,,https://soundcloud.com/themachinefighter/m-i-a-10-dollar-tmf-rmx?utm_medium=api&utm_campaign=social_sharing&utm_source=id_59007
"Story To Be Told (Munchi Remix)",M.I.A.,,,soundcloud,soundcloud:tracks:1350008947,79,,,https://soundcloud.com/user-307210032-888032609/mia-story-to-be-told-munchi-remix?utm_medium=api&utm_campaign=social_sharing&utm_source=id_59007
Popular,M.I.A.,,USUG12105160,soundcloud,soundcloud:tracks:1320378397,187,,,https://soundcloud.com/miauk/popular?utm_medium=api&utm_campaign=social_sharing&utm_source=id_59007
"Am I In The Matrix",Chromosome,,,soundcloud,soundcloud:tracks:84317259,427,,,https://soundcloud.com/cansu-yetgen/chromosome-am-i-in-the-matrix?utm_medium=api&utm_campaign=social_sharing&utm_source=id_59007
"Intro / Time For Some Action (Album Version (Edited))",N.E.R.D.,,USUM70814750,soundcloud,soundcloud:tracks:349457054,223,,,https://soundcloud.com/nerd/intro-time-for-some-action?utm_medium=api&utm_campaign=social_sharing&utm_source=id_59007
Happy,N.E.R.D.,,USUM70814597,soundcloud,soundcloud:tracks:349457088,275,,,https://soundcloud.com/nerd/happy?utm_medium=api&utm_campaign=social_sharing&utm_source=id_59007
"You Know What",N.E.R.D.,,USUM70814605,soundcloud,soundcloud:tracks:349457286,271,,,https://soundcloud.com/nerd/you-know-what-album-version-1?utm_medium=api&utm_campaign=social_sharing&utm_source=id_59007
"Off Wiv Ya Headz","Nia Archives",,GBUM72305087,soundcloud,soundcloud:tracks:1528514938,207,,,https://soundcloud.com/nia-archives/off-wiv-ya-headz?utm_medium=api&utm_campaign=social_sharing&utm_source=id_59007
"Radio Friendly Unit Shifter (Live in Milan, Italy 1994)",Nirvana,,,soundcloud,soundcloud:tracks:2091733269,229,,,https://soundcloud.com/grimes-304864770/nirvana-radio-friendly-unit-shifter-live-in-milan-italy-1994?utm_medium=api&utm_campaign=social_sharing&utm_source=id_59007
"Fuk Da Police",N.W.A,,USS1Z1001234,soundcloud,soundcloud:tracks:301703757,328,,,https://soundcloud.com/lilslimc/nwa-fuk-da-police?utm_medium=api&utm_campaign=social_sharing&utm_source=id_59007
"Talk Like That","The Presets",,AUUM70800157,soundcloud,soundcloud:tracks:4507364,221,,,https://soundcloud.com/the-presets/06-talk-like-that?utm_medium=api&utm_campaign=social_sharing&utm_source=id_59007
"The Prodigy Voodoo People Pendulum Remix (HQ)",Ninja'Erx,,,soundcloud,soundcloud:tracks:42327170,306,,,https://soundcloud.com/ninjaerx/the-prodigy-voodoo-people?utm_medium=api&utm_campaign=social_sharing&utm_source=id_59007
"Rhythm Heaven","Big Rock Finish D (OST Version)",,,soundcloud,soundcloud:tracks:1041341887,180,,,https://soundcloud.com/fatjew69420/rhythm-heaven?utm_medium=api&utm_campaign=social_sharing&utm_source=id_59007
"Rhythm Heaven Fever","Tsunku, Masami Yone, Shinji Ushiroda, and Asuka Ito",,,soundcloud,soundcloud:tracks:2148028263,84,,,https://soundcloud.com/sens_belowstory/cafe-rhythm-heaven-fever?utm_medium=api&utm_campaign=social_sharing&utm_source=id_59007
"承認欲求 is Easy (Ninajirachi & Porter Robinson mashup) [Zephye mashup/edit]","Sakurazaka46, Ninajirachi, Porter Robinson, Mat Zo",,,soundcloud,soundcloud:tracks:2329947173,295,,,https://soundcloud.com/zephye/shoninyokkyu-is-easy?utm_medium=api&utm_campaign=social_sharing&utm_source=id_59007
"C.T.F.O. (feat. M.I.A) (Nero Remix)",SebastiAn,,FR0NT1101230,soundcloud,soundcloud:tracks:1898684454,281,,,https://soundcloud.com/sebastian1-music/c-t-f-o-feat-m-i-a-nero-remix?utm_medium=api&utm_campaign=social_sharing&utm_source=id_59007
"DRAGONFIST DELTAX9","six impala",,QM24S1918193,soundcloud,soundcloud:tracks:625352634,214,,,https://soundcloud.com/siximpala/dragonfistdeltax9?utm_medium=api&utm_campaign=social_sharing&utm_source=id_59007
"2-04 Stardust Speedway 'B' Mix JP","Sonic CD - 20TH Gold CD2",,,soundcloud,soundcloud:tracks:69865385,163,,,https://soundcloud.com/sonic-cd-best-sonic-2/2-04-stardust-speedway-b-mix?utm_medium=api&utm_campaign=social_sharing&utm_source=id_59007
"Is It Cold In The Water?",SOPHIE,,,soundcloud,soundcloud:tracks:458504862,212,,,https://soundcloud.com/msmsmsm/is-it-cold-in-the-water?utm_medium=api&utm_campaign=social_sharing&utm_source=id_59007
"Splatsville Ambience & Title Screen (Summer Nights)","Splatoon 3",,,soundcloud,soundcloud:tracks:1835246079,146,,,https://soundcloud.com/so-path/splatoon-3-splatsville-ambience-title-screen?utm_medium=api&utm_campaign=social_sharing&utm_source=id_59007
"Fuzzy Dazzler / New Shores",GoldChimera,,,soundcloud,soundcloud:tracks:2334683615,16,,,https://soundcloud.com/goldchimera/020x90?utm_medium=api&utm_campaign=social_sharing&utm_source=id_59007
"SUNSHINE PT1","DJ CHAMPION",,,soundcloud,soundcloud:tracks:2342562212,1236,,,https://soundcloud.com/michael-de-champ-tooley/sunshine-pt1?utm_medium=api&utm_campaign=social_sharing&utm_source=id_59007
"Illusion Of Love (feat. Mattie Safer)",Uffie,,FR0NT0900340,soundcloud,soundcloud:tracks:2370762317,319,,,https://soundcloud.com/uffieofficial/illusion-of-love-feat-mattie-1?utm_medium=api&utm_campaign=social_sharing&utm_source=id_59007
"Nasty (Match My Peak Remix)",Tinashe,,USLD91760122,soundcloud,soundcloud:tracks:1852889301,160,,,https://soundcloud.com/tinashenow/nasty-match-my-peak-remix?utm_medium=api&utm_campaign=social_sharing&utm_source=id_59007
"No Scrubs",TLC,,USLF29900479,soundcloud,soundcloud:tracks:254119635,30,,,https://soundcloud.com/tlcofficial/no-scrubs-1?utm_medium=api&utm_campaign=social_sharing&utm_source=id_59007
BLESSED,"Tyler, The Creator",,USQX92102141,soundcloud,soundcloud:tracks:1074518221,58,,,https://soundcloud.com/tylerthecreatorofficial/tyler-the-creator-blessed?utm_medium=api&utm_campaign=social_sharing&utm_source=id_59007
"Headlock originally by Imogen Heap","Sara Ghazzaoui",,,soundcloud,soundcloud:tracks:177065826,194,,,https://soundcloud.com/saraghazzaoui/headlock?utm_medium=api&utm_campaign=social_sharing&utm_source=id_59007
"Dating Start!","toby fox",,,soundcloud,soundcloud:tracks:549559779,117,,,https://soundcloud.com/undertale-ost/dating-start?utm_medium=api&utm_campaign=social_sharing&utm_source=id_59007
Undertale,"toby fox",,,soundcloud,soundcloud:tracks:549559146,382,,,https://soundcloud.com/undertale-ost/undertale?utm_medium=api&utm_campaign=social_sharing&utm_source=id_59007
Untouched,"The Veronicas",,USWB10704602,soundcloud,soundcloud:tracks:53313149,255,,,https://soundcloud.com/theveronicas/untouched-the-veronicas?utm_medium=api&utm_campaign=social_sharing&utm_source=id_59007
"Dirty Talk (Chew Fu Remix)","Wynter Gordon",,USAT21000721,soundcloud,soundcloud:tracks:760604794,326,,,https://soundcloud.com/wynter-gordon-1/dirty-talk-chew-fu-remix?utm_medium=api&utm_campaign=social_sharing&utm_source=id_59007
"Your Music Is Killing Me","The Young Punx",,GBLEA0700066,soundcloud,soundcloud:tracks:913645261,369,,,https://soundcloud.com/theyoungpunx/your-music-is-killing-me-2?utm_medium=api&utm_campaign=social_sharing&utm_source=id_59007
"niamos theme extended -andor-","THE HERTA",,,soundcloud,soundcloud:tracks:1379265892,302,,,https://soundcloud.com/user-940205286/niamos-theme-extended-andor?utm_medium=api&utm_campaign=social_sharing&utm_source=id_59007
"Animal Crossing: New Horizons","12pm (Remix)",,,soundcloud,soundcloud:tracks:792862075,163,,,https://soundcloud.com/omilimusic/12pm-remix-animal-crossing-new-horizons?utm_medium=api&utm_campaign=social_sharing&utm_source=id_59007
"Chu, Tayousei. (Mayonazy Bootleg) [Free DL]",Mayonazy,,,soundcloud,soundcloud:tracks:1896848751,223,,,https://soundcloud.com/mayonazy/ano-chu-tayousei-mayonazy-bootleg?utm_medium=api&utm_campaign=social_sharing&utm_source=id_59007
"at the corner store","bill wurtz",,QZHN52248723,soundcloud,soundcloud:tracks:1258853971,200,,,https://soundcloud.com/billwurtz/at-the-corner-store?utm_medium=api&utm_campaign=social_sharing&utm_source=id_59007
"Halley’s Comet by Billie Eilish (Covered By Elisibeth Sophia 1st take)","Elisibeth Sophia, Billie Eilish",,,soundcloud,soundcloud:tracks:2131285014,188,,,https://soundcloud.com/user-369553695/halleys-comet-by-billie-eilish-covered-by-sophia-elisibeth?utm_medium=api&utm_campaign=social_sharing&utm_source=id_59007
argyle,brakence,,USSM12107440,soundcloud,soundcloud:tracks:1136024980,165,,,https://soundcloud.com/brakence/argyle?utm_medium=api&utm_campaign=social_sharing&utm_source=id_59007
M.O.B,"Music Reserves",,,soundcloud,soundcloud:tracks:902375806,179,,,https://soundcloud.com/user-593638874-772393310/brockhampton-mob?utm_medium=api&utm_campaign=social_sharing&utm_source=id_59007
B2b,"Charli xcx",,USAT22401351,soundcloud,soundcloud:tracks:1787011024,179,,,https://soundcloud.com/charlixcx/b2b?utm_medium=api&utm_campaign=social_sharing&utm_source=id_59007
"HARD.CORE.WORLD.WIDE. 20XX",cyy♡,,QZFP52325949,soundcloud,soundcloud:tracks:1611901350,62,,,https://soundcloud.com/909worldwide/hard-core-world-wide-20xx?utm_medium=api&utm_campaign=social_sharing&utm_source=id_59007
"DELTARUNE Chapters 1-4 Trailer Music","Toby Fox ft. Camellia",,,soundcloud,soundcloud:tracks:2075781048,43,,,https://soundcloud.com/utdrarchive/deltarune-nintendo-switch-2-announce-trailer-music?utm_medium=api&utm_campaign=social_sharing&utm_source=id_59007
"let's go home","Jane Remover",,QZHPJ2104518,soundcloud,soundcloud:tracks:1058900326,333,,,https://soundcloud.com/janeremover/lets-go-home?utm_medium=api&utm_campaign=social_sharing&utm_source=id_59007
"Shooting Stars (RIzE Edit)","Flume Ft. Toro Y Moi",,,soundcloud,soundcloud:tracks:1429670383,207,,,https://soundcloud.com/rize-14/flume-ft-toro-y-moi-shooting-stars-rize-edit?utm_medium=api&utm_campaign=social_sharing&utm_source=id_59007
"End of the Earth by Epic Games (Fortnite Festival Jam Track)",TANUKI,,,soundcloud,soundcloud:tracks:2159653404,171,,,https://soundcloud.com/tanuki-469388778/end-of-the-earth-by-epic-games?utm_medium=api&utm_campaign=social_sharing&utm_source=id_59007
"Katamari on the Rock ~ Main Theme","Yu Miyake, Masayuki Tanaka",,,soundcloud,soundcloud:tracks:306938217,357,,,https://soundcloud.com/katamariislife/katamari-on-the-rock-main?utm_medium=api&utm_campaign=social_sharing&utm_source=id_59007
"Sex Fight","Kids & Explosions",,,soundcloud,soundcloud:tracks:42102867,117,,,https://soundcloud.com/kidsandexplosions/sexfight?utm_medium=api&utm_campaign=social_sharing&utm_source=id_59007
"Inside the Deku Tree   The Legend of Zelda Ocarina of Time","Anderous Pi",,,soundcloud,soundcloud:tracks:84438467,164,,,https://soundcloud.com/anderouspi/inside-the-deku-tree-the?utm_medium=api&utm_campaign=social_sharing&utm_source=id_59007
Minecraft,C418,,TCAAW1157077,soundcloud,soundcloud:tracks:2302601423,254,,,https://soundcloud.com/c418/minecraft?utm_medium=api&utm_campaign=social_sharing&utm_source=id_59007
"Sooner or Later",N.E.R.D.,,USUM70814602,soundcloud,soundcloud:tracks:349457145,402,,,https://soundcloud.com/nerd/sooner-or-later?utm_medium=api&utm_campaign=social_sharing&utm_source=id_59007
"take me by the hand ft. Bladee",oklou,,QZVM32200352,soundcloud,soundcloud:tracks:2010301059,172,,,https://soundcloud.com/oklou93/take-me-by-the-hand-ft-bladee?utm_medium=api&utm_campaign=social_sharing&utm_source=id_59007
"Girlfriend Sucks (feat. midwxst)","Ravenna Golden",,USAT22104113,soundcloud,soundcloud:tracks:1094709313,147,,,https://soundcloud.com/ravennagolden/girlfriend-sucks-feat-midwxst?utm_medium=api&utm_campaign=social_sharing&utm_source=id_59007
"Rhythm Heaven","FriendCom Industries, Tsunku♂",,,soundcloud,soundcloud:tracks:2199022923,138,,,https://soundcloud.com/friendcom-industries/remix-3-ds?utm_medium=api&utm_campaign=social_sharing&utm_source=id_59007
"Escape From The City","Sonic Adventure 2",,,soundcloud,soundcloud:tracks:2595117,138,,,https://soundcloud.com/sonicunleashed/sonic-adventure-2-escape-from-the-city?utm_medium=api&utm_campaign=social_sharing&utm_source=id_59007
"Sonic Rush","4. Jeh Jeh Rocket",,,soundcloud,soundcloud:tracks:343156494,171,,,https://soundcloud.com/fawfulhasfury/4-jeh-jeh-rocket-sonic-rush?utm_medium=api&utm_campaign=social_sharing&utm_source=id_59007
"Splatoon 2 OST Inkopolis Square Tutorial","The Cursed Needle",,,soundcloud,soundcloud:tracks:2382434742,63,,,https://soundcloud.com/cursed-needle-22575595950/splatoon-2-ost-inkopolis-square-tutorial?utm_medium=api&utm_campaign=social_sharing&utm_source=id_59007
"Splatoon 2 -","Buoyant Boogie- Turquoise October",,,soundcloud,soundcloud:tracks:334073420,176,,,https://soundcloud.com/963mlp/buoyant-boogie-octocool-splatoon-2-music-extended?utm_medium=api&utm_campaign=social_sharing&utm_source=id_59007
Casino,"Super Mario Sunshine OST",,,soundcloud,soundcloud:tracks:1109287663,121,,,https://soundcloud.com/aquatis-gd/super-mario-sunshine-ost-casino?utm_medium=api&utm_campaign=social_sharing&utm_source=id_59007
"Tyler The Creator- See You Again ft Kali Uchis",koreykeat,,,soundcloud,soundcloud:tracks:1960269291,186,,,https://soundcloud.com/korey-keat/tyler-the-creator-see-you?utm_medium=api&utm_campaign=social_sharing&utm_source=id_59007
"Darling, I (feat. Teezo Touchdown)","Tyler, The Creator",,USQX92405786,soundcloud,soundcloud:tracks:1943681655,254,,,https://soundcloud.com/tylerthecreatorofficial/darling-i?utm_medium=api&utm_campaign=social_sharing&utm_source=id_59007
"Wii Sports Music Extended 10 Min","Title Screen",,,soundcloud,soundcloud:tracks:300168243,615,,,https://soundcloud.com/junk-account-42625173/title-screen-wii-sports-music-extended-10-min?utm_medium=api&utm_campaign=social_sharing&utm_source=id_59007
"Forever Young","Youth Group",,USEP40638108,soundcloud,soundcloud:tracks:254526833,239,,,https://soundcloud.com/youth-group/forever-young?utm_medium=api&utm_campaign=social_sharing&utm_source=id_59007
"Rhythm Heaven(DS)-OST Coin Toss (SFX)",CharlesOst,,,soundcloud,soundcloud:tracks:1881852477,72,,,https://soundcloud.com/tania-lopez-534950432/rhythm-heaven-ds-ost-coin-1?utm_medium=api&utm_campaign=social_sharing&utm_source=id_59007
"Splatoon 2 OST Boot Screen","The Cursed Needle",,,soundcloud,soundcloud:tracks:2347534877,61,,,https://soundcloud.com/cursed-needle-22575595950/splatoon-2-ost-boot-screen?utm_medium=api&utm_campaign=social_sharing&utm_source=id_59007
"Plaza Speakers H Splatoon",qwer,,,soundcloud,soundcloud:tracks:1614009942,53,,,https://soundcloud.com/pjoif6n2ggvp/plaza-speakdrtsjgnofdojrsfhmis?utm_medium=api&utm_campaign=social_sharing&utm_source=id_59007
"Flip The Switch (Samu & The Imperative Remix)","Valentino Khan  Chris Lorenzo",,,soundcloud,soundcloud:tracks:669618464,160,,,https://soundcloud.com/samuuuu5678/valentino-khan-chris-lorenzo-flip-the-switch-samu-remix?utm_medium=api&utm_campaign=social_sharing&utm_source=id_59007
